Workbook

Sheet environmental_data
A1: Date | B1: Strain | C1: Ankyrin? | D1: Temp_ºC | E1: PSU | F1: pH
A2: 45881 | B2: Hal281 | C2: No | D2: 17.7 | E2: 12.1 | F2: 8.186
A3: 45888 | B3: M60M31 | C3: No | D3: 19.6 | E3: 14.5 | F3: 8.3
A4: 45890 | B4: SA48 | C4: No | D4: 17.5 | E4: 14.3 | F4: 8.3
A5: 45891 | B5: Hal054 | C5: Yes | D5: 18 | E5: 14.6 | F5: 8.258
A6: 45896 | B6: DMZ507 | C6: No | D6: 18.6 | E6: 14.8 | F6: 8.24
A7: 45898 | B7: M60M70 | C7: Yes | D7: 18.4 | E7: 14.9 | F7: 8.289
A8: 45910 | B8: Hal281 | C8: No | D8: 18.6 | E8: 16.7 | F8: 7.89

Sheet sponge_size_uptake_noDSM
A1: Date | B1: Sponge | C1: water_temp | D1: water_PSU | E1: water_pH | F1: Weight_g | G1: start_concentration_vibrio_cells/mL | H1: Ankyrin_present | I1: sponge_cells/mL | L1: Mean | M1: SD
A2: 45881 | B2: Hal281-30-1 | C2: 17.7 | D2: 12.1 | E2: 8.186 | F2: =42.281-37.755 -> 4.526 | G2: 1.0*10e6 | H2: 0 | K2: T | L2: =AVERAGE(C:C) -> 18.304762 | M2: =STDEV(C:C) -> 0.70259185
A3: 45881 | B3: Hal281-30-2 | C3: 17.7 | D3: 12.1 | E3: 8.186 | F3: =43.511-37.812 -> 5.699 | G3: 1.0*10e6 | H3: 0 | K3: S | L3: =AVERAGE(D:D) -> 14.514286 | M3: =STDEV(D:D) -> 1.3578267
A4: 45881 | B4: Hal281-30-3 | C4: 17.7 | D4: 12.1 | E4: 8.186 | F4: =50.843-37.598 -> 13.245 | G4: 1.0*10e6 | H4: 0 | K4: pH | L4: =AVERAGE(E:E) -> 8.2026667 | M4: =STDEV(E:E) -> 0.14703968
A5: 45881 | B5: Hal281-60-1 | C5: 17.7 | D5: 12.1 | E5: 8.186 | F5: =42.05-37.537 -> 4.513 | G5: 1.0*10e6 | H5: 0 | K5: Sponge_weight | L5: =AVERAGE(F:F) -> 5.291619 | M5: =STDEV(F:F) -> 1.8349274
A6: 45881 | B6: Hal281-60-2 | C6: 17.7 | D6: 12.1 | E6: 8.186 | F6: =44.23-37.713 -> 6.517 | G6: 1.0*10e6 | H6: 0 | K6: sponge_cells | L6: =AVERAGE(I:I) -> 61194286 | M6: =STDEV(I:I) -> 29537613
A7: 45881 | B7: Hal281-60-3 | C7: 17.7 | D7: 12.1 | E7: 8.186 | F7: =41.92-37.571 -> 4.349 | G7: 1.0*10e6 | H7: 0
A8: 45881 | B8: Control-30-1 | C8: 17.7 | D8: 12.1 | E8: 8.186 | F8: =40.76-37.701 -> 3.059 | G8: NA | H8: NA
A9: 45888 | B9: M60M31-30-1 | C9: 19.6 | D9: 14.5 | E9: 8.3 | F9: 6.527 | G9: 1.0*10e6 | H9: 0 | I9: 36500000
A10: 45888 | B10: M60M31-30-2 | C10: 19.6 | D10: 14.5 | E10: 8.3 | F10: 6.36 | G10: 1.0*10e6 | H10: 0 | I10: 66700000
A11: 45888 | B11: M60M31-30-3 | C11: 19.6 | D11: 14.5 | E11: 8.3 | F11: 3.12 | G11: 1.0*10e6 | H11: 0 | I11: 33000000
A12: 45888 | B12: M60M31-60-1 | C12: 19.6 | D12: 14.5 | E12: 8.3 | F12: 4.424 | G12: 1.0*10e6 | H12: 0 | I12: 26100000
A13: 45888 | B13: M60M31-60-2 | C13: 19.6 | D13: 14.5 | E13: 8.3 | F13: 6.11 | G13: 1.0*10e6 | H13: 0 | I13: 24800000
A14: 45888 | B14: M60M31-60-3 | C14: 19.6 | D14: 14.5 | E14: 8.3 | F14: 7.846 | G14: 1.0*10e6 | H14: 0 | I14: 33200000
A15: 45888 | B15: Control-60-1 | C15: 19.6 | D15: 14.5 | E15: 8.3 | F15: 2.483 | G15: NA | H15: NA | I15: 20300000
A16: 45890 | B16: SA48-30-1 | C16: 17.5 | D16: 14.3 | E16: 8.3 | F16: 6.65 | G16: 1.0*10e6 | H16: 1 | I16: 87500000
A17: 45890 | B17: SA48-30-2 | C17: 17.5 | D17: 14.3 | E17: 8.3 | F17: 5.187 | G17: 1.0*10e6 | H17: 1 | I17: 53300000
A18: 45890 | B18: SA48-30-3 | C18: 17.5 | D18: 14.3 | E18: 8.3 | F18: 7.872 | G18: 1.0*10e6 | H18: 1 | I18: 65100000
A19: 45890 | B19: SA48-60-1 | C19: 17.5 | D19: 14.3 | E19: 8.3 | F19: 5.328 | G19: 1.0*10e6 | H19: 1 | I19: 72800000
A20: 45890 | B20: SA48-60-2 | C20: 17.5 | D20: 14.3 | E20: 8.3 | F20: 3.888 | G20: 1.0*10e6 | H20: 1 | I20: 46400000
A21: 45890 | B21: SA48-60-3 | C21: 17.5 | D21: 14.3 | E21: 8.3 | F21: 5.32 | G21: 1.0*10e6 | H21: 1 | I21: 49100000
A22: 45890 | B22: Control-30-2 | C22: 17.5 | D22: 14.3 | E22: 8.3 | F22: 2.572 | G22: NA | H22: NA | I22: 36300000
A23: 45891 | B23: Hal054-30-1 | C23: 18 | D23: 14.6 | E23: 8.258 | F23: 4.413 | G23: 1.0*10e6 | H23: 1 | I23: 47700000
A24: 45891 | B24: Hal054-30-2 | C24: 18 | D24: 14.6 | E24: 8.258 | F24: 5.4 | G24: 1.0*10e6 | H24: 1 | I24: 66200000
A25: 45891 | B25: Hal054-30-3 | C25: 18 | D25: 14.6 | E25: 8.258 | F25: 5.238 | G25: 1.0*10e6 | H25: 1 | I25: 86000000
A26: 45891 | B26: Hal054-60-1 | C26: 18 | D26: 14.6 | E26: 8.258 | F26: 4.805 | G26: 1.0*10e6 | H26: 1 | I26: 50700000
A27: 45891 | B27: Hal054-60-2 | C27: 18 | D27: 14.6 | E27: 8.258 | F27: 4.566 | G27: 1.0*10e6 | H27: 1 | I27: 42300000
A28: 45891 | B28: Hal054-60-3 | C28: 18 | D28: 14.6 | E28: 8.258 | F28: 4.087 | G28: 1.0*10e6 | H28: 1 | I28: 63700000
A29: 45891 | B29: Control-60-2 | C29: 18 | D29: 14.6 | E29: 8.258 | F29: 5.149 | G29: NA | H29: NA | I29: 51700000
A30: 45896 | B30: Control-60-3 | C30: 18.6 | D30: 14.8 | E30: 8.24 | F30: 4.716 | G30: NA | H30: NA | I30: 63000000
A31: 45898 | B31: M60M70-30-1 | C31: 18.4 | D31: 14.9 | E31: 8.289 | F31: 4.04 | G31: 1.0*10e6 | H31: 1 | I31: 51100000
A32: 45898 | B32: M60M70-30-2 | C32: 18.4 | D32: 14.9 | E32: 8.289 | F32: 6.295 | G32: 1.0*10e6 | H32: 1 | I32: 180000000
A33: 45898 | B33: M60M70-30-3 | C33: 18.4 | D33: 14.9 | E33: 8.289 | F33: 4.145 | G33: 1.0*10e6 | H33: 1 | I33: 74200000
A34: 45898 | B34: M60M70-60-1 | C34: 18.4 | D34: 14.9 | E34: 8.289 | F34: 4.693 | G34: 1.0*10e6 | H34: 1 | I34: 79900000
A35: 45898 | B35: M60M70-60-2 | C35: 18.4 | D35: 14.9 | E35: 8.289 | F35: 4.364 | G35: 1.0*10e6 | H35: 1 | I35: 59800000
A36: 45898 | B36: M60M70-60-3 | C36: 18.4 | D36: 14.9 | E36: 8.289 | F36: 4.396 | G36: 1.0*10e6 | H36: 1 | I36: 53000000
A37: 45910 | B37: Hal281-30-4 | C37: 18.6 | D37: 16.7 | E37: 7.89 | F37: 4.701 | G37: 1.0*10e6 | H37: 0 | I37: 54100000
A38: 45910 | B38: Hal281-30-5 | C38: 18.6 | D38: 16.7 | E38: 7.89 | F38: 7.529 | G38: 1.0*10e6 | H38: 0 | I38: 66600000
A39: 45910 | B39: Hal281-30-6 | C39: 18.6 | D39: 16.7 | E39: 7.89 | F39: 5.739 | G39: 1.0*10e6 | H39: 0 | I39: 119000000
A40: 45910 | B40: Hal281-60-4 | C40: 18.6 | D40: 16.7 | E40: 7.89 | F40: 4.227 | G40: 1.0*10e6 | H40: 0 | I40: 40300000
A41: 45910 | B41: Hal281-60-5 | C41: 18.6 | D41: 16.7 | E41: 7.89 | F41: 3.877 | G41: 1.0*10e6 | H41: 0 | I41: 90100000
A42: 45910 | B42: Hal281-60-6 | C42: 18.6 | D42: 16.7 | E42: 7.89 | F42: 7.449 | G42: 1.0*10e6 | H42: 0 | I42: 79000000
A43: 45910 | B43: Control30-4 | C43: 18.6 | D43: 16.7 | E43: 7.89 | F43: 6.824 | G43: NA | H43: NA | I43: 72300000

Sheet sponge_size_uptake
A1: Date | B1: Sponge | C1: water_temp | D1: water_PSU | E1: water_pH | F1: weight_g_freshly_cut | G1: Weight_g | H1: Volume_ml | I1: start_concentration_vibrio_cells/mL | J1: Ankyrin_present | K1: sponge_cells/mL | N1: Mean | O1: SD
A2: 45881 | B2: Hal281-30-1 | C2: 17.7 | D2: 12.1 | E2: 8.186 | F2: 5.76 | G2: =42.281-37.755 -> 4.526 | H2: =(1.2*G2)-0.3 -> 5.1312 | I2: 1.0*10e6 | J2: 0 | M2: T | N2: =AVERAGE(C:C) -> 18.330435 | O2: =STDEV(C:C) -> 0.67589268
A3: 45881 | B3: Hal281-30-2 | C3: 17.7 | D3: 12.1 | E3: 8.186 | F3: 6.54 | G3: =43.511-37.812 -> 5.699 | H3: =(1.2*G3)-0.3 -> 6.5388 | I3: 1.0*10e6 | J3: 0 | M3: S | N3: =AVERAGE(D:D) -> 14.53913 | O3: =STDEV(D:D) -> 1.298628
A4: 45881 | B4: Hal281-30-3 | C4: 17.7 | D4: 12.1 | E4: 8.186 | F4: 6.19 | G4: =50.843-37.598 -> 13.245 | H4: =(1.2*G4)-0.3 -> 15.594 | I4: 1.0*10e6 | J4: 0 | M4: pH | N4: =AVERAGE(E:E) -> 8.205913 | O4: =STDEV(E:E) -> 0.14075492
A5: 45881 | B5: Hal281-60-1 | C5: 17.7 | D5: 12.1 | E5: 8.186 | F5: 5.3 | G5: =42.05-37.537 -> 4.513 | H5: =(1.2*G5)-0.3 -> 5.1156 | I5: 1.0*10e6 | J5: 0 | M5: Sponge_weight | N5: =AVERAGE(G:G) -> 5.1435217 | O5: =STDEV(G:G) -> 1.8518609
A6: 45881 | B6: Hal281-60-2 | C6: 17.7 | D6: 12.1 | E6: 8.186 | F6: 6.11 | G6: =44.23-37.713 -> 6.517 | H6: =(1.2*G6)-0.3 -> 7.5204 | I6: 1.0*10e6 | J6: 0 | M6: sponge_cells | N6: =AVERAGE(K:K) -> 59671795 | O6: =STDEV(K:K) -> 28482709
A7: 45881 | B7: Hal281-60-3 | C7: 17.7 | D7: 12.1 | E7: 8.186 | F7: 4.8 | G7: =41.92-37.571 -> 4.349 | H7: =(1.2*G7)-0.3 -> 4.9188 | I7: 1.0*10e6 | J7: 0 | M7: Sponge_volume | N7: =AVERAGE(H2:H47) -> 5.8722261 | O7: =STDEV(H2:H47) -> 2.2222331
A8: 45881 | B8: Control-30-1 | C8: 17.7 | D8: 12.1 | E8: 8.186 | F8: 5.96 | G8: =40.76-37.701 -> 3.059 | H8: =(1.2*G8)-0.3 -> 3.3708 | I8: NA | J8: NA
A9: 45888 | B9: M60M31-30-1 | C9: 19.6 | D9: 14.5 | E9: 8.3 | F9: 6.53 | G9: 6.527 | H9: =(1.2*G9)-0.3 -> 7.5324 | I9: 1.0*10e6 | J9: 0 | K9: 36500000
A10: 45888 | B10: M60M31-30-2 | C10: 19.6 | D10: 14.5 | E10: 8.3 | F10: 5.75 | G10: 6.36 | H10: =(1.2*G10)-0.3 -> 7.332 | I10: 1.0*10e6 | J10: 0 | K10: 66700000
A11: 45888 | B11: M60M31-30-3 | C11: 19.6 | D11: 14.5 | E11: 8.3 | F11: 4.18 | G11: 3.12 | H11: =(1.2*G11)-0.3 -> 3.444 | I11: 1.0*10e6 | J11: 0 | K11: 33000000 | M11: V Hal281 | N11: =AVERAGE(G41:G46) -> 5.587
A12: 45888 | B12: M60M31-60-1 | C12: 19.6 | D12: 14.5 | E12: 8.3 | F12: 5.96 | G12: 4.424 | H12: =(1.2*G12)-0.3 -> 5.0088 | I12: 1.0*10e6 | J12: 0 | K12: 26100000 | M12: VHal054 | N12: =AVERAGE(H23:H28) -> 5.4018
A13: 45888 | B13: M60M31-60-2 | C13: 19.6 | D13: 14.5 | E13: 8.3 | F13: 5.55 | G13: 6.11 | H13: =(1.2*G13)-0.3 -> 7.032 | I13: 1.0*10e6 | J13: 0 | K13: 24800000 | M13: VM30 | N13: =AVERAGE(H9:H14) -> 6.5774
A14: 45888 | B14: M60M31-60-3 | C14: 19.6 | D14: 14.5 | E14: 8.3 | F14: 5.55 | G14: 7.846 | H14: =(1.2*G14)-0.3 -> 9.1152 | I14: 1.0*10e6 | J14: 0 | K14: 33200000 | M14: VSA48 | N14: =AVERAGE(H16:H21) -> 6.549
A15: 45888 | B15: Control-60-1 | C15: 19.6 | D15: 14.5 | E15: 8.3 | F15: NA | G15: 2.483 | H15: =(1.2*G15)-0.3 -> 2.6796 | I15: NA | J15: NA | K15: 20300000 | M15: M70 | N15: =AVERAGE(H35:H40) -> 5.2866
A16: 45890 | B16: SA48-30-1 | C16: 17.5 | D16: 14.3 | E16: 8.3 | F16: 4.76 | G16: 6.65 | H16: =(1.2*G16)-0.3 -> 7.68 | I16: 1.0*10e6 | J16: 1 | K16: 87500000
A17: 45890 | B17: SA48-30-2 | C17: 17.5 | D17: 14.3 | E17: 8.3 | F17: 5.65 | G17: 5.187 | H17: =(1.2*G17)-0.3 -> 5.9244 | I17: 1.0*10e6 | J17: 1 | K17: 53300000
A18: 45890 | B18: SA48-30-3 | C18: 17.5 | D18: 14.3 | E18: 8.3 | F18: 6.8 | G18: 7.872 | H18: =(1.2*G18)-0.3 -> 9.1464 | I18: 1.0*10e6 | J18: 1 | K18: 65100000
A19: 45890 | B19: SA48-60-1 | C19: 17.5 | D19: 14.3 | E19: 8.3 | F19: 6.45 | G19: 5.328 | H19: =(1.2*G19)-0.3 -> 6.0936 | I19: 1.0*10e6 | J19: 1 | K19: 72800000
A20: 45890 | B20: SA48-60-2 | C20: 17.5 | D20: 14.3 | E20: 8.3 | F20: 5.17 | G20: 3.888 | H20: =(1.2*G20)-0.3 -> 4.3656 | I20: 1.0*10e6 | J20: 1 | K20: 46400000
A21: 45890 | B21: SA48-60-3 | C21: 17.5 | D21: 14.3 | E21: 8.3 | F21: 5.64 | G21: 5.32 | H21: =(1.2*G21)-0.3 -> 6.084 | I21: 1.0*10e6 | J21: 1 | K21: 49100000
A22: 45890 | B22: Control-30-2 | C22: 17.5 | D22: 14.3 | E22: 8.3 | F22: 5.81 | G22: 2.572 | H22: =(1.2*G22)-0.3 -> 2.7864 | I22: NA | J22: NA | K22: 36300000
A23: 45891 | B23: Hal054-30-1 | C23: 18 | D23: 14.6 | E23: 8.258 | F23: 5.08 | G23: 4.413 | H23: =(1.2*G23)-0.3 -> 4.9956 | I23: 1.0*10e6 | J23: 1 | K23: 47700000
A24: 45891 | B24: Hal054-30-2 | C24: 18 | D24: 14.6 | E24: 8.258 | F24: 5.96 | G24: 5.4 | H24: =(1.2*G24)-0.3 -> 6.18 | I24: 1.0*10e6 | J24: 1 | K24: 66200000
A25: 45891 | B25: Hal054-30-3 | C25: 18 | D25: 14.6 | E25: 8.258 | F25: 4.57 | G25: 5.238 | H25: =(1.2*G25)-0.3 -> 5.9856 | I25: 1.0*10e6 | J25: 1 | K25: 86000000
A26: 45891 | B26: Hal054-60-1 | C26: 18 | D26: 14.6 | E26: 8.258 | F26: 5.1 | G26: 4.805 | H26: =(1.2*G26)-0.3 -> 5.466 | I26: 1.0*10e6 | J26: 1 | K26: 50700000
A27: 45891 | B27: Hal054-60-2 | C27: 18 | D27: 14.6 | E27: 8.258 | F27: 5.36 | G27: 4.566 | H27: =(1.2*G27)-0.3 -> 5.1792 | I27: 1.0*10e6 | J27: 1 | K27: 42300000
A28: 45891 | B28: Hal054-60-3 | C28: 18 | D28: 14.6 | E28: 8.258 | F28: 4.97 | G28: 4.087 | H28: =(1.2*G28)-0.3 -> 4.6044 | I28: 1.0*10e6 | J28: 1 | K28: 63700000
A29: 45891 | B29: Control-60-2 | C29: 18 | D29: 14.6 | E29: 8.258 | F29: 4.59 | G29: 5.149 | H29: =(1.2*G29)-0.3 -> 5.8788 | I29: NA | J29: NA | K29: 51700000
A30: 45896 | B30: DMZ507-30-1 | C30: 18.6 | D30: 14.8 | E30: 8.24 | F30: 5.82 | G30: 4.036 | H30: =(1.2*G30)-0.3 -> 4.5432 | I30: 1.0*10e6 | J30: 0 | K30: 62000000
A31: 45896 | B31: DMZ507-30-2 | C31: 18.6 | D31: 14.8 | E31: 8.24 | F31: 4.2 | G31: 1.999 | H31: =(1.2*G31)-0.3 -> 2.0988 | I31: 1.0*10e6 | J31: 0 | K31: 38400000
A32: 45896 | B32: DMZ507-60-1 | C32: 18.6 | D32: 14.8 | E32: 8.24 | F32: 6.8 | G32: 3.086 | H32: =(1.2*G32)-0.3 -> 3.4032 | I32: 1.0*10e6 | J32: 0 | K32: 38300000
A33: 45896 | B33: DMZ507-60-2 | C33: 18.6 | D33: 14.8 | E33: 8.24 | F33: 6.9 | G33: 5.233 | H33: =(1.2*G33)-0.3 -> 5.9796 | I33: 1.0*10e6 | J33: 0 | K33: 46700000
A34: 45896 | B34: Control-60-3 | C34: 18.6 | D34: 14.8 | E34: 8.24 | F34: 5.4 | G34: 4.716 | H34: =(1.2*G34)-0.3 -> 5.3592 | I34: NA | J34: NA | K34: 63000000
A35: 45898 | B35: M60M70-30-1 | C35: 18.4 | D35: 14.9 | E35: 8.289 | F35: 6.13 | G35: 4.04 | H35: =(1.2*G35)-0.3 -> 4.548 | I35: 1.0*10e6 | J35: 1 | K35: 51100000
A36: 45898 | B36: M60M70-30-2 | C36: 18.4 | D36: 14.9 | E36: 8.289 | F36: 5.95 | G36: 6.295 | H36: =(1.2*G36)-0.3 -> 7.254 | I36: 1.0*10e6 | J36: 1 | K36: 180000000
A37: 45898 | B37: M60M70-30-3 | C37: 18.4 | D37: 14.9 | E37: 8.289 | F37: 5 | G37: 4.145 | H37: =(1.2*G37)-0.3 -> 4.674 | I37: 1.0*10e6 | J37: 1 | K37: 74200000
A38: 45898 | B38: M60M70-60-1 | C38: 18.4 | D38: 14.9 | E38: 8.289 | F38: 5.53 | G38: 4.693 | H38: =(1.2*G38)-0.3 -> 5.3316 | I38: 1.0*10e6 | J38: 1 | K38: 79900000
A39: 45898 | B39: M60M70-60-2 | C39: 18.4 | D39: 14.9 | E39: 8.289 | F39: 4.29 | G39: 4.364 | H39: =(1.2*G39)-0.3 -> 4.9368 | I39: 1.0*10e6 | J39: 1 | K39: 59800000
A40: 45898 | B40: M60M70-60-3 | C40: 18.4 | D40: 14.9 | E40: 8.289 | F40: 6.71 | G40: 4.396 | H40: =(1.2*G40)-0.3 -> 4.9752 | I40: 1.0*10e6 | J40: 1 | K40: 53000000
A41: 45910 | B41: Hal281-30-4 | C41: 18.6 | D41: 16.7 | E41: 7.89 | F41: 4.77 | G41: 4.701 | H41: =(1.2*G41)-0.3 -> 5.3412 | I41: 1.0*10e6 | J41: 0 | K41: 54100000
A42: 45910 | B42: Hal281-30-5 | C42: 18.6 | D42: 16.7 | E42: 7.89 | F42: 5.91 | G42: 7.529 | H42: =(1.2*G42)-0.3 -> 8.7348 | I42: 1.0*10e6 | J42: 0 | K42: 66600000
A43: 45910 | B43: Hal281-30-6 | C43: 18.6 | D43: 16.7 | E43: 7.89 | F43: 7.68 | G43: 5.739 | H43: =(1.2*G43)-0.3 -> 6.5868 | I43: 1.0*10e6 | J43: 0 | K43: 119000000
A44: 45910 | B44: Hal281-60-4 | C44: 18.6 | D44: 16.7 | E44: 7.89 | F44: 5.78 | G44: 4.227 | H44: =(1.2*G44)-0.3 -> 4.7724 | I44: 1.0*10e6 | J44: 0 | K44: 40300000
A45: 45910 | B45: Hal281-60-5 | C45: 18.6 | D45: 16.7 | E45: 7.89 | F45: 6.63 | G45: 3.877 | H45: =(1.2*G45)-0.3 -> 4.3524 | I45: 1.0*10e6 | J45: 0 | K45: 90100000
A46: 45910 | B46: Hal281-60-6 | C46: 18.6 | D46: 16.7 | E46: 7.89 | F46: 6.66 | G46: 7.449 | H46: =(1.2*G46)-0.3 -> 8.6388 | I46: 1.0*10e6 | J46: 0 | K46: 79000000
A47: 45910 | B47: Control30-4 | C47: 18.6 | D47: 16.7 | E47: 7.89 | F47: 6.42 | G47: 6.824 | H47: =(1.2*G47)-0.3 -> 7.8888 | I47: NA | J47: NA | K47: 72300000

Sheet strain_info
A1: Strain | B1: Ankyrin | C1: Length | D1: Top_3_BLAST_results_ALL | E1: Precentage_identity | F1: Ascension_number | G1: Top_3_BLAST_results_TYPE | H1: Precentage_identity | I1: Ascension_number
A2: M60_M70 | B2: Y | C2: 1458 | D2: Vibrio diabolicus strain LMG 3418 Vibrio alginolyticus strain AUSMDU00064140 Vibrio diabolicus strain FA3 | E2: 100 100 100 | F2: CP014134.1 CP110670.1 CP042451.1 | G2: Vibrio antiquarius strain EX25 Vibrio alginolyticus NBRC 15630 = ATCC 17749 Vibrio alginolyticus strain NBRC 15630 | H2: 99.86 99.79 99.79 | I2: CP001805.1 CP006718.1 NR_122050.1
A3: M60_M31 | B3: N | C3: 1463 | D3: Vibrio natriegens strain CL-2 Vibrio campbellii strain KJ-W18 Vibrio natriegens NBRC 15636 = ATCC 14048 = DSM 759 | E3: 98.63 98.63 98.63 | F3: CP142837.1 JQ799114.1 CP009977.1 | G3: Vibrio natriegens NBRC 15636 = ATCC 14048 = DSM 759 Vibrio natriegens NBRC 15636 = ATCC 14048 = DSM 759 Vibrio natriegens NBRC 15636 = ATCC 14048 = DSM 759 | H3: 98.63 98.63 98.63 | I3: CP009977.1 CP016345.1 CP141822.1
A4: SA48 | B4: N | C4: 1463 | D4: Vibrio aestuarianus strain U29 Vibrio aestuarianus strain NBRC 15629 Vibrio aestuarianus strain 10_092 7MT1 | E4: 99.59 99.66 99.11 | F4: CP118709.1 NR_113780.1 CP091993.1 | G4: Vibrio aestuarianus strain NBRC 15629 Vibrio aestuarianus subsp. francensis strain 02/041 Vibrio aestuarianus strain OY 0-002 | H4: 99.66 98.83 99.36 | I4: NR_113780.1 NR_114937.1 NR_029254.1
A5: DSM507 | B5: N | C5: 1505 | D5: Aliivibrio fischeri isolate 61f92ba31ffaf1e247a49d66 Aliivibrio fischeri ATCC 7744 = JCM 18803 = DSM 507 Vibrio fischeri strain ET101 | E5: 99.73 99.73 99.73 | F5: OZ183479.1 CP092712.1 AY292923.1 | G5: Aliivibrio fischeri ATCC 7744 = JCM 18803 = DSM 507 Aliivibrio fischeri ATCC 7744 = JCM 18803 = DSM 507 Vibrio crassostreae LMG 22240 | H5: 99.73 99.73 99.60 | I5: CP092712.1 CP092713.1 AP025477.1
A6: Hal054 | B6: Y | C6: 1492 | D6: Vibrio diazotrophicus strain Hal053 Vibrio diazotrophicus strain ATCC 33466 Vibrio diazotrophicus strain Hal026 | E6: 100 99.33 99.26 | F6: MT406434.1 CP151842.1 MT406407.1 | G6: Vibrio diazotrophicus strain ATCC 33466 Vibrio diazotrophicus strain NBRC 103148 Vibrio diazotrophicus strain NS 16S | H6: 99.33 99.25 99.18 | I6: CP151842.1 NR_114217.1 NR_026123.1
A7: Hal281 | B7: N | C7: 1517 | D7: Vibrio cyclitrophicus strain Hal281 Vibrio cyclitrophicus strain JM-2012 Vibrio cyclitrophicus strain ED653 | E7: 100 99.80 99.67 | F7: MT406665.1 KF488567.1 CP065207.1 | G7: Vibrio cyclitrophicus LMG 21359 Vibrio cyclitrophicus LMG 21359 Vibrio echinoideorum DSM 107264 | H7: 99.74 99.74 99.54 | I7: AP025480.1 AP025481.1 AP025483.1
A8: PP-XX7 | B8: Y | C8: 1505 | D8: Vibrio sp. NBRC 101805 Vibrio metschnikovii 16S Vibrio metschnikovii strain 19CA03SA01 | E8: 98.57 96.94 96.87 | F8: AB681563.1 AY837747.1 CP101482.1 | G8: Vibrio viridaestus strain LJC006 Vibrio sp. LJC006 Vibrio diazotrophicus strain ATCC 33466 | H8: 96.54 96.54 96.34 | I8: NR_179904.1 MG745796.1 CP151842.1
A9: DSM24595 | B9: Y | C9: 1518 | D9: Vibrio alfacsensis strain VA-1 Vibrio alfacsensis 04Ya249 Vibrio alfacsensis 04Ya249 | E9: 99.80 99.80 99.80 | F9: CP140102.1 AP019850.1 AP019849.1 | G9: Vibrio alfacsensis strain CAIM 1831 Vibrio alfacsensis strain CAIM 1831 Vibrio ponticus 16S rRNA gene, type strain CECT 5869T | H9: 99.87 99.08 98.15 | I9: NR_118129.1 CP032093.1 AJ630103.1

Sheet percentage_phagocytosis
A1: sample_id | B1: vibrio_strain | C1: ankyrin_present | D1: self_vs_foreign | E1: time_min | F1: unstained_in_gate | G1: autoflourescence_DAPIadjusted | H1: rep_1_DAPI | I1: rep_1_perc_phagocytosis | J1: rep_2_DAPI | K1: rep_2_perc_phagocytosis | L1: rep_3_DAPI | M1: rep_3_perc_phagocytosis | N1: rep_4_DAPI | O1: rep_4_perc_phagocytosis | P1: rep_5_DAPI | Q1: rep_5_perc_phagocytosis | R1: DAPI_avg | S1: phago_avg_total | T1: phago_avg_DAPI_adjusted
A2: Hal281-30-1 | B2: Hal281 | C2: negative | D2: self | E2: 30 | F2: 0 | G2: 0.49 | H2: 37.06 | I2: 1.88 | J2: 37.12 | K2: 1.75 | L2: 36.43 | M2: 1.72 | N2: 37.31 | O2: 1.77 | P2: 37.65 | Q2: 1.82 | R2: =AVERAGE(H2,J2,L2,N2,P2) -> 37.114 | S2: =AVERAGE(I2,K2,M2,O2,Q2) -> 1.788 | T2: =(S2/R2*100)-G2 -> 4.327589
A3: Hal281-30-2 | B3: Hal281 | C3: negative | D3: self | E3: 30 | F3: 0 | G3: 0.49 | H3: 35.36 | I3: 0.59 | J3: 35.61 | K3: 0.54 | L3: 35.51 | M3: 0.56 | N3: 35.66 | O3: 0.54 | P3: 35.22 | Q3: 0.53 | R3: =AVERAGE(H3,J3,L3,N3,P3) -> 35.472 | S3: =AVERAGE(I3,K3,M3,O3,Q3) -> 0.552 | T3: =(S3/R3*100)-G3 -> 1.066157
A4: Hal281-30-3 | B4: Hal281 | C4: negative | D4: self | E4: 30 | F4: 0 | G4: 0.49 | H4: 34.97 | I4: 1.94 | J4: 35.21 | K4: 1.83 | L4: 35.4 | M4: 1.83 | N4: 35.41 | O4: 1.83 | P4: 35.97 | Q4: 1.87 | R4: =AVERAGE(H4,J4,L4,N4,P4) -> 35.392 | S4: =AVERAGE(I4,K4,M4,O4,Q4) -> 1.86 | T4: =(S4/R4*100)-G4 -> 4.765425
A5: Hal281-30-4 | B5: Hal281 | C5: negative | D5: self | E5: 30 | F5: 0 | G5: 0.49 | H5: 22.5 | I5: 1.05 | J5: 21.38 | K5: 0.81 | L5: 21.43 | M5: 0.81 | N5: 21.55 | O5: 0.82 | P5: 21.71 | Q5: 0.81 | R5: =AVERAGE(H5,J5,L5,N5,P5) -> 21.714 | S5: =AVERAGE(I5,K5,M5,O5,Q5) -> 0.86 | T5: =(S5/R5*100)-G5 -> 3.4705784
A6: Hal281-30-5 | B6: Hal281 | C6: negative | D6: self | E6: 30 | F6: 0 | G6: 0.49 | H6: 39.85 | I6: 1.69 | J6: 37.63 | K6: 1.5 | L6: 37.45 | M6: 1.5 | N6: 37.07 | O6: 1.47 | P6: 37.53 | Q6: 1.47 | R6: =AVERAGE(H6,J6,L6,N6,P6) -> 37.906 | S6: =AVERAGE(I6,K6,M6,O6,Q6) -> 1.526 | T6: =(S6/R6*100)-G6 -> 3.5357479
A7: Hal281-30-6 | B7: Hal281 | C7: negative | D7: self | E7: 30 | F7: 0 | G7: 0.49 | H7: 31.12 | I7: 1.11 | J7: 29.9 | K7: 0.98 | L7: 29.82 | M7: 0.94 | N7: 29.48 | O7: 0.96 | P7: 29.42 | Q7: 0.95 | R7: =AVERAGE(H7,J7,L7,N7,P7) -> 29.948 | S7: =AVERAGE(I7,K7,M7,O7,Q7) -> 0.988 | T7: =(S7/R7*100)-G7 -> 2.8090517
A8: Hal281-60-1 | B8: Hal281 | C8: negative | D8: self | E8: 60 | F8: 0 | G8: 0.49 | H8: 38.65 | I8: 2.45 | J8: 37.61 | K8: 2.19 | L8: 38.7 | M8: 2.22 | N8: 38.16 | O8: 2.17 | P8: 38.62 | Q8: 2.21 | R8: =AVERAGE(H8,J8,L8,N8,P8) -> 38.348 | S8: =AVERAGE(I8,K8,M8,O8,Q8) -> 2.248 | T8: =(S8/R8*100)-G8 -> 5.3721049
A9: Hal281-60-2 | B9: Hal281 | C9: negative | D9: self | E9: 60 | F9: 0 | G9: 0.49 | H9: 30.87 | I9: 3.47 | J9: 30.07 | K9: 3.26 | L9: 29.68 | M9: 3.14 | N9: 29.73 | O9: 3.23 | P9: 29.76 | Q9: 3.18 | R9: =AVERAGE(H9,J9,L9,N9,P9) -> 30.022 | S9: =AVERAGE(I9,K9,M9,O9,Q9) -> 3.256 | T9: =(S9/R9*100)-G9 -> 10.35538
A10: Hal281-60-3 | B10: Hal281 | C10: negative | D10: self | E10: 60 | F10: 0 | G10: 0.49 | H10: 36.72 | I10: 1.15 | J10: 35.92 | K10: 1.07 | L10: 36.03 | M10: 1.04 | N10: 36.17 | O10: 1.04 | P10: 36.26 | Q10: 1.04 | R10: =AVERAGE(H10,J10,L10,N10,P10) -> 36.22 | S10: =AVERAGE(I10,K10,M10,O10,Q10) -> 1.068 | T10: =(S10/R10*100)-G10 -> 2.4586472
A11: Hal281-60-4 | B11: Hal281 | C11: negative | D11: self | E11: 60 | F11: 0 | G11: 0.49 | H11: 22.84 | I11: 1.78 | J11: 21.7 | K11: 1.47 | L11: 21.19 | M11: 1.47 | N11: 21.47 | O11: 1.46 | P11: 21.68 | Q11: 1.49 | R11: =AVERAGE(H11,J11,L11,N11,P11) -> 21.776 | S11: =AVERAGE(I11,K11,M11,O11,Q11) -> 1.534 | T11: =(S11/R11*100)-G11 -> 6.5544526
A12: Hal281-60-5 | B12: Hal281 | C12: negative | D12: self | E12: 60 | F12: 0 | G12: 0.49 | H12: 31.18 | I12: 2.62 | J12: 29.15 | K12: 2.32 | L12: 29.36 | M12: 2.38 | N12: 29.22 | O12: 2.38 | P12: 29.45 | Q12: 2.39 | R12: =AVERAGE(H12,J12,L12,N12,P12) -> 29.672 | S12: =AVERAGE(I12,K12,M12,O12,Q12) -> 2.418 | T12: =(S12/R12*100)-G12 -> 7.6590968
A13: Hal281-60-6 | B13: Hal281 | C13: negative | D13: self | E13: 60 | F13: 0 | G13: 0.49 | H13: 36.98 | I13: 2.49 | J13: 34.07 | K13: 2.11 | L13: 34.86 | M13: 2.09 | N13: 34.85 | O13: 2.07 | P13: 34.14 | Q13: 2.06 | R13: =AVERAGE(H13,J13,L13,N13,P13) -> 34.98 | S13: =AVERAGE(I13,K13,M13,O13,Q13) -> 2.164 | T13: =(S13/R13*100)-G13 -> 5.6963922
A14: Hal054-30-1 | B14: Hal054 | C14: positive | D14: self | E14: 30 | F14: 0 | G14: 0.49 | H14: 25.21 | I14: 2.06 | J14: 24.31 | K14: 1.88 | L14: 24.29 | M14: 1.88 | N14: 24.27 | O14: 1.88 | P14: 24.24 | Q14: 1.86 | R14: =AVERAGE(H14,J14,L14,N14,P14) -> 24.464 | S14: =AVERAGE(I14,K14,M14,O14,Q14) -> 1.912 | T14: =(S14/R14*100)-G14 -> 7.3255657
A15: Hal054-30-2 | B15: Hal054 | C15: positive | D15: self | E15: 30 | F15: 0 | G15: 0.49 | H15: 5.64 | I15: 0.32 | J15: 5.69 | K15: 0.32 | L15: NA | M15: NA | N15: NA | O15: NA | P15: NA | Q15: NA | R15: =AVERAGE(H15,J15,L15,N15,P15) -> 5.665 | S15: =AVERAGE(I15,K15,M15,O15,Q15) -> 0.32 | T15: =(S15/R15*100)-G15 -> 5.1587202
A16: Hal054-30-3 | B16: Hal054 | C16: positive | D16: self | E16: 30 | F16: 0 | G16: 0.49 | H16: 25.62 | I16: 0.89 | J16: 26.87 | K16: 0.9 | L16: 25.48 | M16: 0.86 | N16: 25.14 | O16: 0.84 | P16: 25.06 | Q16: 0.84 | R16: =AVERAGE(H16,J16,L16,N16,P16) -> 25.634 | S16: =AVERAGE(I16,K16,M16,O16,Q16) -> 0.866 | T16: =(S16/R16*100)-G16 -> 2.8883257
A17: Hal054-60-1 | B17: Hal054 | C17: positive | D17: self | E17: 60 | F17: 0 | G17: 0.49 | H17: 20.07 | I17: 2.27 | J17: 20.37 | K17: 2.24 | L17: 20.45 | M17: 2.3 | N17: 20.27 | O17: 2.21 | P17: 20.61 | Q17: 2.28 | R17: =AVERAGE(H17,J17,L17,N17,P17) -> 20.354 | S17: =AVERAGE(I17,K17,M17,O17,Q17) -> 2.26 | T17: =(S17/R17*100)-G17 -> 10.613469
A18: Hal054-60-2 | B18: Hal054 | C18: positive | D18: self | E18: 60 | F18: 0 | G18: 0.49 | H18: 11.55 | I18: 2.04 | J18: 10.86 | K18: 1.94 | L18: NA | M18: NA | N18: NA | O18: NA | P18: NA | Q18: NA | R18: =AVERAGE(H18,J18,L18,N18,P18) -> 11.205 | S18: =AVERAGE(I18,K18,M18,O18,Q18) -> 1.99 | T18: =(S18/R18*100)-G18 -> 17.269929
A19: Hal054-60-3 | B19: Hal054 | C19: positive | D19: self | E19: 60 | F19: 0 | G19: 0.49 | H19: 16.63 | I19: 1.14 | J19: 16.53 | K19: 1.1 | L19: 16.66 | M19: 1.1 | N19: 16.81 | O19: 1.12 | P19: 16.59 | Q19: 1.09 | R19: =AVERAGE(H19,J19,L19,N19,P19) -> 16.644 | S19: =AVERAGE(I19,K19,M19,O19,Q19) -> 1.11 | T19: =(S19/R19*100)-G19 -> 6.1790699
A20: M60_M31-30-1 | B20: M60_M31 | C20: negative | D20: foreign | E20: 30 | F20: 0 | G20: 0.49 | H20: 35.52 | I20: 1.48 | J20: 35.7 | K20: 1.5 | L20: 35.69 | M20: 1.48 | N20: 34.55 | O20: 1.46 | P20: 27.64 | Q20: 1.19 | R20: =AVERAGE(H20,J20,L20,N20,P20) -> 33.82 | S20: =AVERAGE(I20,K20,M20,O20,Q20) -> 1.422 | T20: =(S20/R20*100)-G20 -> 3.7146127
A21: M60_M31-30-2 | B21: M60_M31 | C21: negative | D21: foreign | E21: 30 | F21: 0 | G21: 0.49 | H21: 16.07 | I21: 0.76 | J21: 15.61 | K21: 0.71 | L21: 15.03 | M21: 0.67 | N21: 14.92 | O21: 0.67 | P21: 14.6 | Q21: 0.66 | R21: =AVERAGE(H21,J21,L21,N21,P21) -> 15.246 | S21: =AVERAGE(I21,K21,M21,O21,Q21) -> 0.694 | T21: =(S21/R21*100)-G21 -> 4.0620136
A22: M60_M31-30-3 | B22: M60_M31 | C22: negative | D22: foreign | E22: 30 | F22: 0 | G22: 0.49 | H22: 14.29 | I22: 0.65 | J22: 14.16 | K22: 0.63 | L22: 14.07 | M22: 0.63 | N22: 14.21 | O22: 0.64 | P22: 14.11 | Q22: 0.63 | R22: =AVERAGE(H22,J22,L22,N22,P22) -> 14.168 | S22: =AVERAGE(I22,K22,M22,O22,Q22) -> 0.636 | T22: =(S22/R22*100)-G22 -> 3.9989893
A23: M60_M31-60-1 | B23: M60_M31 | C23: negative | D23: foreign | E23: 60 | F23: 0 | G23: 0.49 | H23: 18.9 | I23: 1.3 | J23: 18.55 | K23: 1.27 | L23: 18.55 | M23: 1.26 | N23: 18.62 | O23: 1.26 | P23: 18.81 | Q23: 1.32 | R23: =AVERAGE(H23,J23,L23,N23,P23) -> 18.686 | S23: =AVERAGE(I23,K23,M23,O23,Q23) -> 1.282 | T23: =(S23/R23*100)-G23 -> 6.3707514
A24: M60_M31-60-2 | B24: M60_M31 | C24: negative | D24: foreign | E24: 60 | F24: 0 | G24: 0.49 | H24: 6.61 | I24: 0.49 | J24: 6.49 | K24: 0.47 | L24: 6.45 | M24: 0.46 | N24: 6.32 | O24: 0.44 | P24: 6.44 | Q24: 0.45 | R24: =AVERAGE(H24,J24,L24,N24,P24) -> 6.462 | S24: =AVERAGE(I24,K24,M24,O24,Q24) -> 0.462 | T24: =(S24/R24*100)-G24 -> 6.6594893
A25: M60_M31-60-3 | B25: M60_M31 | C25: negative | D25: foreign | E25: 60 | F25: 0 | G25: 0.49 | H25: 26.77 | I25: 1.62 | J25: 25.89 | K25: 1.46 | L25: 25.55 | M25: 1.43 | N25: 25.51 | O25: 1.42 | P25: 25.64 | Q25: 1.44 | R25: =AVERAGE(H25,J25,L25,N25,P25) -> 25.872 | S25: =AVERAGE(I25,K25,M25,O25,Q25) -> 1.474 | T25: =(S25/R25*100)-G25 -> 5.2072789
A26: M60_M70-30-1 | B26: M60_M70 | C26: positive | D26: foreign | E26: 30 | F26: 0 | G26: 0.49 | H26: 22.8 | I26: 0.33 | J26: 22.72 | K26: 0.33 | L26: 22.94 | M26: 0.35 | N26: 22.87 | O26: 0.34 | P26: 22.8 | Q26: 0.33 | R26: =AVERAGE(H26,J26,L26,N26,P26) -> 22.826 | S26: =AVERAGE(I26,K26,M26,O26,Q26) -> 0.336 | T26: =(S26/R26*100)-G26 -> 0.98200561
A27: M60_M70-30-2 | B27: M60_M70 | C27: positive | D27: foreign | E27: 30 | F27: 0 | G27: 0.49 | H27: 12.8 | I27: 0.35 | J27: 12.76 | K27: 0.32 | L27: 12.43 | M27: 0.31 | N27: 12.58 | O27: 0.32 | P27: 12.56 | Q27: 0.33 | R27: =AVERAGE(H27,J27,L27,N27,P27) -> 12.626 | S27: =AVERAGE(I27,K27,M27,O27,Q27) -> 0.326 | T27: =(S27/R27*100)-G27 -> 2.0919737
A28: M60_M70-30-3 | B28: M60_M70 | C28: positive | D28: foreign | E28: 30 | F28: 0 | G28: 0.49 | H28: 13.53 | I28: 0.15 | J28: 12.78 | K28: 0.12 | L28: 12.95 | M28: 0.12 | N28: 13.01 | O28: 0.13 | P28: 12.99 | Q28: 0.13 | R28: =AVERAGE(H28,J28,L28,N28,P28) -> 13.052 | S28: =AVERAGE(I28,K28,M28,O28,Q28) -> 0.13 | T28: =(S28/R28*100)-G28 -> 0.50601594
A29: M60_M70-60-1 | B29: M60_M70 | C29: positive | D29: foreign | E29: 60 | F29: 0 | G29: 0.49 | H29: 25.37 | I29: 0.44 | J29: 24.43 | K29: 0.4 | L29: 24.5 | M29: 0.39 | N29: 24.74 | O29: 0.4 | P29: 24.65 | Q29: 0.38 | R29: =AVERAGE(H29,J29,L29,N29,P29) -> 24.738 | S29: =AVERAGE(I29,K29,M29,O29,Q29) -> 0.402 | T29: =(S29/R29*100)-G29 -> 1.1350303
A30: M60_M70-60-2 | B30: M60_M70 | C30: positive | D30: foreign | E30: 60 | F30: 0 | G30: 0.49 | H30: 5.01 | I30: 0.14 | J30: 4.81 | K30: 0.12 | L30: 4.95 | M30: 0.13 | N30: 4.88 | O30: 0.13 | P30: 4.66 | Q30: 0.13 | R30: =AVERAGE(H30,J30,L30,N30,P30) -> 4.862 | S30: =AVERAGE(I30,K30,M30,O30,Q30) -> 0.13 | T30: =(S30/R30*100)-G30 -> 2.1837968
A31: M60_M70-60-3 | B31: M60_M70 | C31: positive | D31: foreign | E31: 60 | F31: 0 | G31: 0.49 | H31: 4.42 | I31: 0.06 | J31: 4.38 | K31: 0.06 | L31: 4.41 | M31: 0.05 | N31: NA | O31: NA | P31: NA | Q31: NA | R31: =AVERAGE(H31,J31,L31,N31,P31) -> 4.4033333 | S31: =AVERAGE(I31,K31,M31,O31,Q31) -> 0.056666667 | T31: =(S31/R31*100)-G31 -> 0.79690386
A32: SA48-30-1 | B32: SA48 | C32: negative | D32: foreign | E32: 30 | F32: 0 | G32: 0.49 | H32: 37.82 | I32: 2.1 | J32: 36.67 | K32: 1.93 | L32: 37.24 | M32: 1.98 | N32: 36.98 | O32: 1.91 | P32: 37.04 | Q32: 1.94 | R32: =AVERAGE(H32,J32,L32,N32,P32) -> 37.15 | S32: =AVERAGE(I32,K32,M32,O32,Q32) -> 1.972 | T32: =(S32/R32*100)-G32 -> 4.81821
A33: SA48-30-2 | B33: SA48 | C33: negative | D33: foreign | E33: 30 | F33: 0 | G33: 0.49 | H33: 27.9 | I33: 1.39 | J33: 27.24 | K33: 1.28 | L33: 26.75 | M33: 1.27 | N33: 27.5 | O33: 1.31 | P33: 27.68 | Q33: 1.34 | R33: =AVERAGE(H33,J33,L33,N33,P33) -> 27.414 | S33: =AVERAGE(I33,K33,M33,O33,Q33) -> 1.318 | T33: =(S33/R33*100)-G33 -> 4.3177625
A34: SA48-30-3 | B34: SA48 | C34: negative | D34: foreign | E34: 30 | F34: 0 | G34: 0.49 | H34: 32.68 | I34: 3.1 | J34: 31.45 | K34: 2.9 | L34: 31.18 | M34: 2.85 | N34: 31.49 | O34: 2.92 | P34: 31.56 | Q34: 2.9 | R34: =AVERAGE(H34,J34,L34,N34,P34) -> 31.672 | S34: =AVERAGE(I34,K34,M34,O34,Q34) -> 2.934 | T34: =(S34/R34*100)-G34 -> 8.773703
A35: SA48-60-1 | B35: SA48 | C35: negative | D35: foreign | E35: 60 | F35: 0 | G35: 0.49 | H35: 31.8 | I35: 1.64 | J35: 31.04 | K35: 1.56 | L35: 30.89 | M35: 1.58 | N35: 30.87 | O35: 1.51 | P35: 31.17 | Q35: 1.59 | R35: =AVERAGE(H35,J35,L35,N35,P35) -> 31.154 | S35: =AVERAGE(I35,K35,M35,O35,Q35) -> 1.576 | T35: =(S35/R35*100)-G35 -> 4.5687405
A36: SA48-60-2 | B36: SA48 | C36: negative | D36: foreign | E36: 60 | F36: 0 | G36: 0.49 | H36: 19.86 | I36: 0.63 | J36: 19.07 | K36: 0.55 | L36: 18.49 | M36: 0.52 | N36: 18.31 | O36: 0.5 | P36: 18.72 | Q36: 0.53 | R36: =AVERAGE(H36,J36,L36,N36,P36) -> 18.89 | S36: =AVERAGE(I36,K36,M36,O36,Q36) -> 0.546 | T36: =(S36/R36*100)-G36 -> 2.4004182
A37: SA48-60-3 | B37: SA48 | C37: negative | D37: foreign | E37: 60 | F37: 0 | G37: 0.49 | H37: 17.59 | I37: 0.26 | J37: 15.25 | K37: 0.22 | L37: 15.12 | M37: 0.21 | N37: 14.87 | O37: 0.22 | P37: NA | Q37: NA | R37: =AVERAGE(H37,J37,L37,N37,P37) -> 15.7075 | S37: =AVERAGE(I37,K37,M37,O37,Q37) -> 0.2275 | T37: =(S37/R37*100)-G37 -> 0.9583527
A38: DMZ507-30-1 | B38: DMZ507 | C38: negative | D38: foreign | E38: 30 | F38: 0 | G38: 0.49 | H38: 29.75 | I38: 1.99 | J38: 28.98 | K38: 1.86 | L38: 29.21 | M38: 1.88 | N38: 29.3 | O38: 1.9 | P38: 29.37 | Q38: 1.9 | R38: =AVERAGE(H38,J38,L38,N38,P38) -> 29.322 | S38: =AVERAGE(I38,K38,M38,O38,Q38) -> 1.906 | T38: =(S38/R38*100)-G38 -> 6.0102387
A39: DMZ507-30-2 | B39: DMZ507 | C39: negative | D39: foreign | E39: 30 | F39: 0 | G39: 0.49 | H39: 11.05 | I39: 0.35 | J39: 10.7 | K39: 0.33 | L39: 10.55 | M39: 0.32 | N39: 10.42 | O39: 0.33 | P39: 10.05 | Q39: 0.3 | R39: =AVERAGE(H39,J39,L39,N39,P39) -> 10.554 | S39: =AVERAGE(I39,K39,M39,O39,Q39) -> 0.326 | T39: =(S39/R39*100)-G39 -> 2.5988763
A40: DMZ507-60-1 | B40: DMZ507 | C40: negative | D40: foreign | E40: 60 | F40: 0 | G40: 0.49 | H40: 23.8 | I40: 2.84 | J40: 24.02 | K40: 2.72 | L40: 23.59 | M40: 2.69 | N40: 23.53 | O40: 2.67 | P40: 23.68 | Q40: 2.7 | R40: =AVERAGE(H40,J40,L40,N40,P40) -> 23.724 | S40: =AVERAGE(I40,K40,M40,O40,Q40) -> 2.724 | T40: =(S40/R40*100)-G40 -> 10.992044
A41: DMZ507-60-2 | B41: DMZ507 | C41: negative | D41: foreign | E41: 60 | F41: 0 | G41: 0.49 | H41: 12.63 | I41: 0.56 | J41: 12.95 | K41: 0.55 | L41: 12.72 | M41: 0.54 | N41: 12.8 | O41: 0.55 | P41: 13 | Q41: 0.56 | R41: =AVERAGE(H41,J41,L41,N41,P41) -> 12.82 | S41: =AVERAGE(I41,K41,M41,O41,Q41) -> 0.552 | T41: =(S41/R41*100)-G41 -> 3.8157722
A42: Control30-2 | B42: NA | C42: NA | D42: NA | E42: 30 | F42: 0.03 | G42: =(AVERAGE(0.36,0.29,0.3,0.29,0.29))/H42*100 -> 1.1050921 | H42: =27.72-0.03 -> 27.69 | J42: =26.92-0.03 -> 26.89 | L42: =27.74-0.03 -> 27.71 | N42: =27.41-0.03 -> 27.38 | P42: =27.03-0.03 -> 27 | R42: =AVERAGE(H42,J42,N42,P42) -> 27.24
A43: Control30-4 | B43: NA | C43: NA | D43: NA | E43: 30 | F43: 0.03 | G43: =(AVERAGE(0.65,0.24,0.24,0.22,0.22))/H43*100 -> 0.67570476 | H43: =46.5-F43 -> 46.47 | J43: =46.13-F43 -> 46.1 | L43: =46.53-F43 -> 46.5 | N43: =45.22-F43 -> 45.19 | P43: =44.85-F43 -> 44.82 | R43: =AVERAGE(P43,N43,L43,J43,H43,) -> 38.18
A44: Control60-1 | B44: NA | C44: NA | D44: NA | E44: 60 | F44: 0 | G44: =(AVERAGE(0.05,0.04,0.04,0.04,0.04))/H44*100 -> 0.17729 | H44: 23.69 | J44: 23.94 | L44: 23.93 | N44: 23.89 | P44: 24.22 | R44: =AVERAGE(H44,J44,L44,N44,P44) -> 23.934
A45: Control60-2 | B45: NA | C45: NA | D45: NA | E45: 60 | F45: 0 | G45: =(AVERAGE(0.01,0.01,0.01,0.01))/H45*100 -> 0.10660981 | H45: 9.38 | J45: 9.64 | L45: 9.83 | N45: 9.36 | P45: NA | R45: =AVERAGE(H45,J45,L45,N45) -> 9.5525
A46: Control60-3 | B46: NA | C46: NA | D46: NA | E46: 60 | F46: 0 | G46: =(AVERAGE(0.06,0.05,0.05,0.04,0.05))/H46*100 -> 0.405515 | H46: 12.33 | J46: 11.55 | L46: 11.56 | N46: 11.77 | P46: 11.61 | R46: =AVERAGE(H46,J46,L46,N46,P46) -> 11.764
G47: =AVERAGE(G42:G46) -> 0.49404233

Sheet percentage_phagocytosis_R
A1: sample_id | B1: vibrio_strain | C1: ankyrin_present | D1: self_vs_foreign | E1: time_min | F1: unstained_in_gate | G1: autoflourescence_DAPIadjusted | H1: rep_1_DAPI | I1: rep_1_perc_phagocytosis | J1: rep_2_DAPI | K1: rep_2_perc_phagocytosis | L1: rep_3_DAPI | M1: rep_3_perc_phagocytosis | N1: rep_4_DAPI | O1: rep_4_perc_phagocytosis | P1: rep_5_DAPI | Q1: rep_5_perc_phagocytosis | R1: DAPI_avg | S1: phago_avg_total | T1: phago_avg_DAPI_adjusted | U1: background | V1: t0_vibrio
A2: Hal281-30-1 | B2: Hal281 | C2: negative | D2: self | E2: 30 | F2: 0 | G2: 0.49 | H2: 37.06 | I2: 1.88 | J2: 37.12 | K2: 1.75 | L2: 36.43 | M2: 1.72 | N2: 37.31 | O2: 1.77 | P2: 37.65 | Q2: 1.82 | R2: =AVERAGE(H2,J2,L2,N2,P2) -> 37.114 | S2: =AVERAGE(I2,K2,M2,O2,Q2) -> 1.788 | T2: =(S2/R2*100)-G2 -> 4.327589 | U2: NA | V2: NA
A3: Hal281-30-2 | B3: Hal281 | C3: negative | D3: self | E3: 30 | F3: 0 | G3: 0.49 | H3: 35.36 | I3: 0.59 | J3: 35.61 | K3: 0.54 | L3: 35.51 | M3: 0.56 | N3: 35.66 | O3: 0.54 | P3: 35.22 | Q3: 0.53 | R3: =AVERAGE(H3,J3,L3,N3,P3) -> 35.472 | S3: =AVERAGE(I3,K3,M3,O3,Q3) -> 0.552 | T3: =(S3/R3*100)-G3 -> 1.066157 | U3: NA | V3: NA
A4: Hal281-30-3 | B4: Hal281 | C4: negative | D4: self | E4: 30 | F4: 0 | G4: 0.49 | H4: 34.97 | I4: 1.94 | J4: 35.21 | K4: 1.83 | L4: 35.4 | M4: 1.83 | N4: 35.41 | O4: 1.83 | P4: 35.97 | Q4: 1.87 | R4: =AVERAGE(H4,J4,L4,N4,P4) -> 35.392 | S4: =AVERAGE(I4,K4,M4,O4,Q4) -> 1.86 | T4: =(S4/R4*100)-G4 -> 4.765425 | U4: NA | V4: NA
A5: Hal281-30-4 | B5: Hal281 | C5: negative | D5: self | E5: 30 | F5: 0 | G5: 0.49 | H5: 22.5 | I5: 1.05 | J5: 21.38 | K5: 0.81 | L5: 21.43 | M5: 0.81 | N5: 21.55 | O5: 0.82 | P5: 21.71 | Q5: 0.81 | R5: =AVERAGE(H5,J5,L5,N5,P5) -> 21.714 | S5: =AVERAGE(I5,K5,M5,O5,Q5) -> 0.86 | T5: =(S5/R5*100)-G5 -> 3.4705784 | U5: =AVERAGE(uptake_rates_raw!W2:W7) -> 324802.4 | V5: 1017952
A6: Hal281-30-5 | B6: Hal281 | C6: negative | D6: self | E6: 30 | F6: 0 | G6: 0.49 | H6: 39.85 | I6: 1.69 | J6: 37.63 | K6: 1.5 | L6: 37.45 | M6: 1.5 | N6: 37.07 | O6: 1.47 | P6: 37.53 | Q6: 1.47 | R6: =AVERAGE(H6,J6,L6,N6,P6) -> 37.906 | S6: =AVERAGE(I6,K6,M6,O6,Q6) -> 1.526 | T6: =(S6/R6*100)-G6 -> 3.5357479 | U6: =AVERAGE(uptake_rates_raw!W8:W13) -> 323553.89 | V6: 1021451
A7: Hal281-30-6 | B7: Hal281 | C7: negative | D7: self | E7: 30 | F7: 0 | G7: 0.49 | H7: 31.12 | I7: 1.11 | J7: 29.9 | K7: 0.98 | L7: 29.82 | M7: 0.94 | N7: 29.48 | O7: 0.96 | P7: 29.42 | Q7: 0.95 | R7: =AVERAGE(H7,J7,L7,N7,P7) -> 29.948 | S7: =AVERAGE(I7,K7,M7,O7,Q7) -> 0.988 | T7: =(S7/R7*100)-G7 -> 2.8090517 | U7: =AVERAGE(uptake_rates_raw!W14:W19) -> 286147.7 | V7: 1040133
A8: Hal281-60-1 | B8: Hal281 | C8: negative | D8: self | E8: 60 | F8: 0 | G8: 0.49 | H8: 38.65 | I8: 2.45 | J8: 37.61 | K8: 2.19 | L8: 38.7 | M8: 2.22 | N8: 38.16 | O8: 2.17 | P8: 38.62 | Q8: 2.21 | R8: =AVERAGE(H8,J8,L8,N8,P8) -> 38.348 | S8: =AVERAGE(I8,K8,M8,O8,Q8) -> 2.248 | T8: =(S8/R8*100)-G8 -> 5.3721049 | U8: NA | V8: NA
A9: Hal281-60-2 | B9: Hal281 | C9: negative | D9: self | E9: 60 | F9: 0 | G9: 0.49 | H9: 30.87 | I9: 3.47 | J9: 30.07 | K9: 3.26 | L9: 29.68 | M9: 3.14 | N9: 29.73 | O9: 3.23 | P9: 29.76 | Q9: 3.18 | R9: =AVERAGE(H9,J9,L9,N9,P9) -> 30.022 | S9: =AVERAGE(I9,K9,M9,O9,Q9) -> 3.256 | T9: =(S9/R9*100)-G9 -> 10.35538 | U9: NA | V9: NA
A10: Hal281-60-3 | B10: Hal281 | C10: negative | D10: self | E10: 60 | F10: 0 | G10: 0.49 | H10: 36.72 | I10: 1.15 | J10: 35.92 | K10: 1.07 | L10: 36.03 | M10: 1.04 | N10: 36.17 | O10: 1.04 | P10: 36.26 | Q10: 1.04 | R10: =AVERAGE(H10,J10,L10,N10,P10) -> 36.22 | S10: =AVERAGE(I10,K10,M10,O10,Q10) -> 1.068 | T10: =(S10/R10*100)-G10 -> 2.4586472 | U10: NA | V10: NA
A11: Hal281-60-4 | B11: Hal281 | C11: negative | D11: self | E11: 60 | F11: 0 | G11: 0.49 | H11: 22.84 | I11: 1.78 | J11: 21.7 | K11: 1.47 | L11: 21.19 | M11: 1.47 | N11: 21.47 | O11: 1.46 | P11: 21.68 | Q11: 1.49 | R11: =AVERAGE(H11,J11,L11,N11,P11) -> 21.776 | S11: =AVERAGE(I11,K11,M11,O11,Q11) -> 1.534 | T11: =(S11/R11*100)-G11 -> 6.5544526 | U11: =AVERAGE(uptake_rates_raw!W20:W27) -> 298416.21 | V11: 1058131
A12: Hal281-60-5 | B12: Hal281 | C12: negative | D12: self | E12: 60 | F12: 0 | G12: 0.49 | H12: 31.18 | I12: 2.62 | J12: 29.15 | K12: 2.32 | L12: 29.36 | M12: 2.38 | N12: 29.22 | O12: 2.38 | P12: 29.45 | Q12: 2.39 | R12: =AVERAGE(H12,J12,L12,N12,P12) -> 29.672 | S12: =AVERAGE(I12,K12,M12,O12,Q12) -> 2.418 | T12: =(S12/R12*100)-G12 -> 7.6590968 | U12: =AVERAGE(uptake_rates_raw!W28:W35) -> 265886.53 | V12: 1314042
A13: Hal281-60-6 | B13: Hal281 | C13: negative | D13: self | E13: 60 | F13: 0 | G13: 0.49 | H13: 36.98 | I13: 2.49 | J13: 34.07 | K13: 2.11 | L13: 34.86 | M13: 2.09 | N13: 34.85 | O13: 2.07 | P13: 34.14 | Q13: 2.06 | R13: =AVERAGE(H13,J13,L13,N13,P13) -> 34.98 | S13: =AVERAGE(I13,K13,M13,O13,Q13) -> 2.164 | T13: =(S13/R13*100)-G13 -> 5.6963922 | U13: =AVERAGE(uptake_rates_raw!W36:W43) -> 263654.78 | V13: 1119560
A14: Hal054-30-1 | B14: Hal054 | C14: positive | D14: self | E14: 30 | F14: 0 | G14: 0.49 | H14: 25.21 | I14: 2.06 | J14: 24.31 | K14: 1.88 | L14: 24.29 | M14: 1.88 | N14: 24.27 | O14: 1.88 | P14: 24.24 | Q14: 1.86 | R14: =AVERAGE(H14,J14,L14,N14,P14) -> 24.464 | S14: =AVERAGE(I14,K14,M14,O14,Q14) -> 1.912 | T14: =(S14/R14*100)-G14 -> 7.3255657 | U14: =AVERAGE(uptake_rates_raw!W44:W49) -> 290977.05 | V14: 1557094
A15: Hal054-30-2 | B15: Hal054 | C15: positive | D15: self | E15: 30 | F15: 0 | G15: 0.49 | H15: 5.64 | I15: 0.32 | J15: 5.69 | K15: 0.32 | L15: NA | M15: NA | N15: NA | O15: NA | P15: NA | Q15: NA | R15: =AVERAGE(H15,J15,L15,N15,P15) -> 5.665 | S15: =AVERAGE(I15,K15,M15,O15,Q15) -> 0.32 | T15: =(S15/R15*100)-G15 -> 5.1587202 | U15: =AVERAGE(uptake_rates_raw!W50:W55) -> 257314.37 | V15: 1955639
A16: Hal054-30-3 | B16: Hal054 | C16: positive | D16: self | E16: 30 | F16: 0 | G16: 0.49 | H16: 25.62 | I16: 0.89 | J16: 26.87 | K16: 0.9 | L16: 25.48 | M16: 0.86 | N16: 25.14 | O16: 0.84 | P16: 25.06 | Q16: 0.84 | R16: =AVERAGE(H16,J16,L16,N16,P16) -> 25.634 | S16: =AVERAGE(I16,K16,M16,O16,Q16) -> 0.866 | T16: =(S16/R16*100)-G16 -> 2.8883257 | U16: =AVERAGE(uptake_rates_raw!W56:W61) -> 287502 | V16: 2241211
A17: Hal054-60-1 | B17: Hal054 | C17: positive | D17: self | E17: 60 | F17: 0 | G17: 0.49 | H17: 20.07 | I17: 2.27 | J17: 20.37 | K17: 2.24 | L17: 20.45 | M17: 2.3 | N17: 20.27 | O17: 2.21 | P17: 20.61 | Q17: 2.28 | R17: =AVERAGE(H17,J17,L17,N17,P17) -> 20.354 | S17: =AVERAGE(I17,K17,M17,O17,Q17) -> 2.26 | T17: =(S17/R17*100)-G17 -> 10.613469 | U17: =AVERAGE(uptake_rates_raw!W62:W69) -> 272574.54 | V17: 2179579
A18: Hal054-60-2 | B18: Hal054 | C18: positive | D18: self | E18: 60 | F18: 0 | G18: 0.49 | H18: 11.55 | I18: 2.04 | J18: 10.86 | K18: 1.94 | L18: NA | M18: NA | N18: NA | O18: NA | P18: NA | Q18: NA | R18: =AVERAGE(H18,J18,L18,N18,P18) -> 11.205 | S18: =AVERAGE(I18,K18,M18,O18,Q18) -> 1.99 | T18: =(S18/R18*100)-G18 -> 17.269929 | U18: =AVERAGE(uptake_rates_raw!W70:W77) -> 216228.07 | V18: 2163130
A19: Hal054-60-3 | B19: Hal054 | C19: positive | D19: self | E19: 60 | F19: 0 | G19: 0.49 | H19: 16.63 | I19: 1.14 | J19: 16.53 | K19: 1.1 | L19: 16.66 | M19: 1.1 | N19: 16.81 | O19: 1.12 | P19: 16.59 | Q19: 1.09 | R19: =AVERAGE(H19,J19,L19,N19,P19) -> 16.644 | S19: =AVERAGE(I19,K19,M19,O19,Q19) -> 1.11 | T19: =(S19/R19*100)-G19 -> 6.1790699 | U19: =AVERAGE(uptake_rates_raw!W78,uptake_rates_raw!W80:W85) -> 274154.5 | V19: 2317080
A20: M60_M31-30-1 | B20: M60_M31 | C20: negative | D20: foreign | E20: 30 | F20: 0 | G20: 0.49 | H20: 35.52 | I20: 1.48 | J20: 35.7 | K20: 1.5 | L20: 35.69 | M20: 1.48 | N20: 34.55 | O20: 1.46 | P20: 27.64 | Q20: 1.19 | R20: =AVERAGE(H20,J20,L20,N20,P20) -> 33.82 | S20: =AVERAGE(I20,K20,M20,O20,Q20) -> 1.422 | T20: =(S20/R20*100)-G20 -> 3.7146127 | U20: =AVERAGE(uptake_rates_raw!W128:W133) -> 17423.154 | V20: 985075
A21: M60_M31-30-2 | B21: M60_M31 | C21: negative | D21: foreign | E21: 30 | F21: 0 | G21: 0.49 | H21: 16.07 | I21: 0.76 | J21: 15.61 | K21: 0.71 | L21: 15.03 | M21: 0.67 | N21: 14.92 | O21: 0.67 | P21: 14.6 | Q21: 0.66 | R21: =AVERAGE(H21,J21,L21,N21,P21) -> 15.246 | S21: =AVERAGE(I21,K21,M21,O21,Q21) -> 0.694 | T21: =(S21/R21*100)-G21 -> 4.0620136 | U21: =AVERAGE(uptake_rates_raw!W134:W139) -> 16873.253 | V21: 993637
A22: M60_M31-30-3 | B22: M60_M31 | C22: negative | D22: foreign | E22: 30 | F22: 0 | G22: 0.49 | H22: 14.29 | I22: 0.65 | J22: 14.16 | K22: 0.63 | L22: 14.07 | M22: 0.63 | N22: 14.21 | O22: 0.64 | P22: 14.11 | Q22: 0.63 | R22: =AVERAGE(H22,J22,L22,N22,P22) -> 14.168 | S22: =AVERAGE(I22,K22,M22,O22,Q22) -> 0.636 | T22: =(S22/R22*100)-G22 -> 3.9989893 | U22: =AVERAGE(uptake_rates_raw!W140:W145) -> 17713.573 | V22: 1076705
A23: M60_M31-60-1 | B23: M60_M31 | C23: negative | D23: foreign | E23: 60 | F23: 0 | G23: 0.49 | H23: 18.9 | I23: 1.3 | J23: 18.55 | K23: 1.27 | L23: 18.55 | M23: 1.26 | N23: 18.62 | O23: 1.26 | P23: 18.81 | Q23: 1.32 | R23: =AVERAGE(H23,J23,L23,N23,P23) -> 18.686 | S23: =AVERAGE(I23,K23,M23,O23,Q23) -> 1.282 | T23: =(S23/R23*100)-G23 -> 6.3707514 | U23: =AVERAGE(uptake_rates_raw!W146:W153) -> 19322.722 | V23: 1147028
A24: M60_M31-60-2 | B24: M60_M31 | C24: negative | D24: foreign | E24: 60 | F24: 0 | G24: 0.49 | H24: 6.61 | I24: 0.49 | J24: 6.49 | K24: 0.47 | L24: 6.45 | M24: 0.46 | N24: 6.32 | O24: 0.44 | P24: 6.44 | Q24: 0.45 | R24: =AVERAGE(H24,J24,L24,N24,P24) -> 6.462 | S24: =AVERAGE(I24,K24,M24,O24,Q24) -> 0.462 | T24: =(S24/R24*100)-G24 -> 6.6594893 | U24: =AVERAGE(uptake_rates_raw!W154:W161) -> 24104.181 | V24: 1113526
A25: M60_M31-60-3 | B25: M60_M31 | C25: negative | D25: foreign | E25: 60 | F25: 0 | G25: 0.49 | H25: 26.77 | I25: 1.62 | J25: 25.89 | K25: 1.46 | L25: 25.55 | M25: 1.43 | N25: 25.51 | O25: 1.42 | P25: 25.64 | Q25: 1.44 | R25: =AVERAGE(H25,J25,L25,N25,P25) -> 25.872 | S25: =AVERAGE(I25,K25,M25,O25,Q25) -> 1.474 | T25: =(S25/R25*100)-G25 -> 5.2072789 | U25: =AVERAGE(uptake_rates_raw!W162:W169) -> 24399.927 | V25: 1150848
A26: M60_M70-30-1 | B26: M60_M70 | C26: positive | D26: foreign | E26: 30 | F26: 0 | G26: 0.49 | H26: 22.8 | I26: 0.33 | J26: 22.72 | K26: 0.33 | L26: 22.94 | M26: 0.35 | N26: 22.87 | O26: 0.34 | P26: 22.8 | Q26: 0.33 | R26: =AVERAGE(H26,J26,L26,N26,P26) -> 22.826 | S26: =AVERAGE(I26,K26,M26,O26,Q26) -> 0.336 | T26: =(S26/R26*100)-G26 -> 0.98200561 | U26: =AVERAGE(uptake_rates_raw!W170:W175) -> 281728.54 | V26: 1099312
A27: M60_M70-30-2 | B27: M60_M70 | C27: positive | D27: foreign | E27: 30 | F27: 0 | G27: 0.49 | H27: 12.8 | I27: 0.35 | J27: 12.76 | K27: 0.32 | L27: 12.43 | M27: 0.31 | N27: 12.58 | O27: 0.32 | P27: 12.56 | Q27: 0.33 | R27: =AVERAGE(H27,J27,L27,N27,P27) -> 12.626 | S27: =AVERAGE(I27,K27,M27,O27,Q27) -> 0.326 | T27: =(S27/R27*100)-G27 -> 2.0919737 | U27: =AVERAGE(uptake_rates_raw!W176:W181) -> 296543.91 | V27: 1054748
A28: M60_M70-30-3 | B28: M60_M70 | C28: positive | D28: foreign | E28: 30 | F28: 0 | G28: 0.49 | H28: 13.53 | I28: 0.15 | J28: 12.78 | K28: 0.12 | L28: 12.95 | M28: 0.12 | N28: 13.01 | O28: 0.13 | P28: 12.99 | Q28: 0.13 | R28: =AVERAGE(H28,J28,L28,N28,P28) -> 13.052 | S28: =AVERAGE(I28,K28,M28,O28,Q28) -> 0.13 | T28: =(S28/R28*100)-G28 -> 0.50601594 | U28: =AVERAGE(uptake_rates_raw!W182:W187) -> 413356.29 | V28: 1044290
A29: M60_M70-60-1 | B29: M60_M70 | C29: positive | D29: foreign | E29: 60 | F29: 0 | G29: 0.49 | H29: 25.37 | I29: 0.44 | J29: 24.43 | K29: 0.4 | L29: 24.5 | M29: 0.39 | N29: 24.74 | O29: 0.4 | P29: 24.65 | Q29: 0.38 | R29: =AVERAGE(H29,J29,L29,N29,P29) -> 24.738 | S29: =AVERAGE(I29,K29,M29,O29,Q29) -> 0.402 | T29: =(S29/R29*100)-G29 -> 1.1350303 | U29: =AVERAGE(uptake_rates_raw!W188:W195) -> 464982.89 | V29: 1085642
A30: M60_M70-60-2 | B30: M60_M70 | C30: positive | D30: foreign | E30: 60 | F30: 0 | G30: 0.49 | H30: 5.01 | I30: 0.14 | J30: 4.81 | K30: 0.12 | L30: 4.95 | M30: 0.13 | N30: 4.88 | O30: 0.13 | P30: 4.66 | Q30: 0.13 | R30: =AVERAGE(H30,J30,L30,N30,P30) -> 4.862 | S30: =AVERAGE(I30,K30,M30,O30,Q30) -> 0.13 | T30: =(S30/R30*100)-G30 -> 2.1837968 | U30: =AVERAGE(uptake_rates_raw!W196:W203) -> 356611.85 | V30: 805625
A31: M60_M70-60-3 | B31: M60_M70 | C31: positive | D31: foreign | E31: 60 | F31: 0 | G31: 0.49 | H31: 4.42 | I31: 0.06 | J31: 4.38 | K31: 0.06 | L31: 4.41 | M31: 0.05 | N31: NA | O31: NA | P31: NA | Q31: NA | R31: =AVERAGE(H31,J31,L31,N31,P31) -> 4.4033333 | S31: =AVERAGE(I31,K31,M31,O31,Q31) -> 0.056666667 | T31: =(S31/R31*100)-G31 -> 0.79690386 | U31: =AVERAGE(uptake_rates_raw!W204:W211) -> 359764.65 | V31: 911427
A32: SA48-30-1 | B32: SA48 | C32: negative | D32: foreign | E32: 30 | F32: 0 | G32: 0.49 | H32: 37.82 | I32: 2.1 | J32: 36.67 | K32: 1.93 | L32: 37.24 | M32: 1.98 | N32: 36.98 | O32: 1.91 | P32: 37.04 | Q32: 1.94 | R32: =AVERAGE(H32,J32,L32,N32,P32) -> 37.15 | S32: =AVERAGE(I32,K32,M32,O32,Q32) -> 1.972 | T32: =(S32/R32*100)-G32 -> 4.81821 | U32: =AVERAGE(uptake_rates_raw!W86:W87,uptake_rates_raw!W89:W91) -> 189271.86 | V32: 1049158
A33: SA48-30-2 | B33: SA48 | C33: negative | D33: foreign | E33: 30 | F33: 0 | G33: 0.49 | H33: 27.9 | I33: 1.39 | J33: 27.24 | K33: 1.28 | L33: 26.75 | M33: 1.27 | N33: 27.5 | O33: 1.31 | P33: 27.68 | Q33: 1.34 | R33: =AVERAGE(H33,J33,L33,N33,P33) -> 27.414 | S33: =AVERAGE(I33,K33,M33,O33,Q33) -> 1.318 | T33: =(S33/R33*100)-G33 -> 4.3177625 | U33: =AVERAGE(uptake_rates_raw!W92:W97) -> 197682.63 | V33: 1329509
A34: SA48-30-3 | B34: SA48 | C34: negative | D34: foreign | E34: 30 | F34: 0 | G34: 0.49 | H34: 32.68 | I34: 3.1 | J34: 31.45 | K34: 2.9 | L34: 31.18 | M34: 2.85 | N34: 31.49 | O34: 2.92 | P34: 31.56 | Q34: 2.9 | R34: =AVERAGE(H34,J34,L34,N34,P34) -> 31.672 | S34: =AVERAGE(I34,K34,M34,O34,Q34) -> 2.934 | T34: =(S34/R34*100)-G34 -> 8.773703 | U34: =AVERAGE(uptake_rates_raw!W98:W103) -> 205179.64 | V34: 1381605
A35: SA48-60-1 | B35: SA48 | C35: negative | D35: foreign | E35: 60 | F35: 0 | G35: 0.49 | H35: 31.8 | I35: 1.64 | J35: 31.04 | K35: 1.56 | L35: 30.89 | M35: 1.58 | N35: 30.87 | O35: 1.51 | P35: 31.17 | Q35: 1.59 | R35: =AVERAGE(H35,J35,L35,N35,P35) -> 31.154 | S35: =AVERAGE(I35,K35,M35,O35,Q35) -> 1.576 | T35: =(S35/R35*100)-G35 -> 4.5687405 | U35: =AVERAGE(uptake_rates_raw!W104:W111) -> 171410.56 | V35: 1355414
A36: SA48-60-2 | B36: SA48 | C36: negative | D36: foreign | E36: 60 | F36: 0 | G36: 0.49 | H36: 19.86 | I36: 0.63 | J36: 19.07 | K36: 0.55 | L36: 18.49 | M36: 0.52 | N36: 18.31 | O36: 0.5 | P36: 18.72 | Q36: 0.53 | R36: =AVERAGE(H36,J36,L36,N36,P36) -> 18.89 | S36: =AVERAGE(I36,K36,M36,O36,Q36) -> 0.546 | T36: =(S36/R36*100)-G36 -> 2.4004182 | U36: =AVERAGE(uptake_rates_raw!W112:W119) -> 153956.28 | V36: 1346229
A37: SA48-60-3 | B37: SA48 | C37: negative | D37: foreign | E37: 60 | F37: 0 | G37: 0.49 | H37: 17.59 | I37: 0.26 | J37: 15.25 | K37: 0.22 | L37: 15.12 | M37: 0.21 | N37: 14.87 | O37: 0.22 | P37: NA | Q37: NA | R37: =AVERAGE(H37,J37,L37,N37,P37) -> 15.7075 | S37: =AVERAGE(I37,K37,M37,O37,Q37) -> 0.2275 | T37: =(S37/R37*100)-G37 -> 0.9583527 | U37: =AVERAGE(uptake_rates_raw!W120:W127) -> 168240.66 | V37: 1364216
A38: DMZ507-30-1 | B38: DMZ507 | C38: negative | D38: foreign | E38: 30 | F38: 0 | G38: 0.49 | H38: 29.75 | I38: 1.99 | J38: 28.98 | K38: 1.86 | L38: 29.21 | M38: 1.88 | N38: 29.3 | O38: 1.9 | P38: 29.37 | Q38: 1.9 | R38: =AVERAGE(H38,J38,L38,N38,P38) -> 29.322 | S38: =AVERAGE(I38,K38,M38,O38,Q38) -> 1.906 | T38: =(S38/R38*100)-G38 -> 6.0102387 | U38: NA | V38: NA
A39: DMZ507-30-2 | B39: DMZ507 | C39: negative | D39: foreign | E39: 30 | F39: 0 | G39: 0.49 | H39: 11.05 | I39: 0.35 | J39: 10.7 | K39: 0.33 | L39: 10.55 | M39: 0.32 | N39: 10.42 | O39: 0.33 | P39: 10.05 | Q39: 0.3 | R39: =AVERAGE(H39,J39,L39,N39,P39) -> 10.554 | S39: =AVERAGE(I39,K39,M39,O39,Q39) -> 0.326 | T39: =(S39/R39*100)-G39 -> 2.5988763 | U39: NA | V39: NA
A40: DMZ507-60-1 | B40: DMZ507 | C40: negative | D40: foreign | E40: 60 | F40: 0 | G40: 0.49 | H40: 23.8 | I40: 2.84 | J40: 24.02 | K40: 2.72 | L40: 23.59 | M40: 2.69 | N40: 23.53 | O40: 2.67 | P40: 23.68 | Q40: 2.7 | R40: =AVERAGE(H40,J40,L40,N40,P40) -> 23.724 | S40: =AVERAGE(I40,K40,M40,O40,Q40) -> 2.724 | T40: =(S40/R40*100)-G40 -> 10.992044 | U40: NA | V40: NA
A41: DMZ507-60-2 | B41: DMZ507 | C41: negative | D41: foreign | E41: 60 | F41: 0 | G41: 0.49 | H41: 12.63 | I41: 0.56 | J41: 12.95 | K41: 0.55 | L41: 12.72 | M41: 0.54 | N41: 12.8 | O41: 0.55 | P41: 13 | Q41: 0.56 | R41: =AVERAGE(H41,J41,L41,N41,P41) -> 12.82 | S41: =AVERAGE(I41,K41,M41,O41,Q41) -> 0.552 | T41: =(S41/R41*100)-G41 -> 3.8157722 | U41: NA | V41: NA

Sheet uptake_rates_raw
A1: sample_id | B1: vibrio_strain | C1: strain_replicate | D1: ankyrin_present | E1: self_vs_foreign | F1: sponge_weight_g | G1: time_min | H1: sample_volume_µL | I1: dilution | J1: bac_count1 | K1: bead_count1 | L1: bac_count2 | M1: bead_count2 | N1: bac_count3 | O1: bead_count3 | P1: bac_count4 | Q1: bead_count4 | R1: final_vibrio/mL | S1: norm_factor | T1: norm_vibrio/mL | U1: total_count | V1: unstained_count | W1: unstained_calc
A2: Hal281-30-4-w0 | B2: Hal281 | C2: Hal281-30-4 | D2: No | E2: self | F2: 4.701 | G2: 0 | H2: 1002 | I2: 6 | J2: 4063 | K2: 1159 | L2: 3614 | M2: 1065 | N2: 3888 | O2: 1116 | P2: 3472 | Q2: 1064 | R2: =AVERAGE(J2/K2,L2/M2,N2/O2,P2/Q2)*(48000/H2)*I2*1000 -> 980555.52 | S2: =1309300/R2 -> 1.3352635 | T2: =R2*S2 -> 1309300 | U2: 83930 | V2: 58070 | W2: =V2*I2/H2*1000 -> 347724.55
A3: Hal281-30-4-w2 | B3: Hal281 | C3: Hal281-30-4 | D3: No | E3: self | F3: 4.701 | G3: 2 | H3: 1002 | I3: 6 | J3: 3363 | K3: 1033 | L3: 3644 | M3: 1034 | N3: 3333 | O3: 1034 | P3: 3369 | Q3: 1055 | R3: =AVERAGE(J3/K3,L3/M3,N3/O3,P3/Q3)*(48000/H3)*I3*1000 -> 948252.46 | S3: 1.34 | T3: =R3*S3 -> 1270658.3 | U3: 72271 | V3: 48801 | W3: =V3*I3/H3*1000 -> 292221.56
A4: Hal281-30-4-w5 | B4: Hal281 | C4: Hal281-30-4 | D4: No | E4: self | F4: 4.701 | G4: 5 | H4: 1002 | I4: 6 | J4: 4389 | K4: 1066 | L4: 5138 | M4: 1227 | N4: 4116 | O4: 1021 | P4: 3927 | Q4: 1025 | R4: =AVERAGE(J4/K4,L4/M4,N4/O4,P4/Q4)*(48000/H4)*I4*1000 -> 1161720.1 | S4: 1.34 | T4: =R4*S4 -> 1556704.9 | U4: 92136 | V4: 64634 | W4: =V4*I4/H4*1000 -> 387029.94
A5: Hal281-30-4-w10 | B5: Hal281 | C5: Hal281-30-4 | D5: No | E5: self | F5: 4.701 | G5: 10 | H5: 1002 | I5: 6 | J5: 3001 | K5: 1051 | L5: 2978 | M5: 1032 | N5: 3102 | O5: 1037 | P5: 3087 | Q5: 1032 | R5: =AVERAGE(J5/K5,L5/M5,N5/O5,P5/Q5)*(48000/H5)*I5*1000 -> 842416.88 | S5: 1.34 | T5: =R5*S5 -> 1128838.6 | U5: 74853 | V5: 48181 | W5: =V5*I5/H5*1000 -> 288508.98
A6: Hal281-30-4-w15 | B6: Hal281 | C6: Hal281-30-4 | D6: No | E6: self | F6: 4.701 | G6: 15 | H6: 1002 | I6: 6 | J6: 3036 | K6: 1019 | L6: 3618 | M6: 1029 | N6: 3488 | O6: 1044 | P6: 3395 | Q6: 1022 | R6: =AVERAGE(J6/K6,L6/M6,N6/O6,P6/Q6)*(48000/H6)*I6*1000 -> 945509.5 | S6: 1.34 | T6: =R6*S6 -> 1266982.7 | U6: 73995 | V6: 52465 | W6: =V6*I6/H6*1000 -> 314161.68
A7: Hal281-30-4-w30 | B7: Hal281 | C7: Hal281-30-4 | D7: No | E7: self | F7: 4.701 | G7: 30 | H7: 1002 | I7: 6 | J7: 2914 | K7: 1039 | L7: 3011 | M7: 1030 | N7: 2930 | O7: 1032 | P7: 2935 | Q7: 1026 | R7: =AVERAGE(J7/K7,L7/M7,N7/O7,P7/Q7)*(48000/H7)*I7*1000 -> 821151.51 | S7: 1.34 | T7: =R7*S7 -> 1100343 | U7: 75480 | V7: 53301 | W7: =V7*I7/H7*1000 -> 319167.66
A8: Hal281-30-5-w0 | B8: Hal281 | C8: Hal281-30-5 | D8: No | E8: self | F8: 7.529 | G8: 0 | H8: 1002 | I8: 6 | J8: 3521 | K8: 1020 | L8: 3451 | M8: 1023 | N8: 3284 | O8: 1026 | P8: 3371 | Q8: 1026 | R8: =AVERAGE(J8/K8,L8/M8,N8/O8,P8/Q8)*(48000/H8)*I8*1000 -> 956531.29 | S8: =1309300/R8 -> 1.3688 | T8: =R8*S8 -> 1309300 | U8: 54928 | V8: 36443 | W8: =V8*I8/H8*1000 -> 218221.56
A9: Hal281-30-5-w2 | B9: Hal281 | C9: Hal281-30-5 | D9: No | E9: self | F9: 7.529 | G9: 2 | H9: 1002 | I9: 6 | J9: 4117 | K9: 1016 | L9: 3921 | M9: 1019 | N9: 3754 | O9: 1010 | P9: 4129 | Q9: 1065 | R9: =AVERAGE(J9/K9,L9/M9,N9/O9,P9/Q9)*(48000/H9)*I9*1000 -> 1113332.9 | S9: 1.37 | T9: =R9*S9 -> 1525266 | U9: 72741 | V9: 51118 | W9: =V9*I9/H9*1000 -> 306095.81
A10: Hal281-30-5-w5 | B10: Hal281 | C10: Hal281-30-5 | D10: No | E10: self | F10: 7.529 | G10: 5 | H10: 1002 | I10: 6 | J10: 3333 | K10: 1006 | L10: 3245 | M10: 1010 | N10: 3118 | O10: 1029 | P10: 3314 | Q10: 1008 | R10: =AVERAGE(J10/K10,L10/M10,N10/O10,P10/Q10)*(48000/H10)*I10*1000 -> 922909.03 | S10: 1.37 | T10: =R10*S10 -> 1264385.4 | U10: 73726 | V10: 51686 | W10: =V10*I10/H10*1000 -> 309497.01
A11: Hal281-30-5-w10 | B11: Hal281 | C11: Hal281-30-5 | D11: No | E11: self | F11: 7.529 | G11: 10 | H11: 1002 | I11: 6 | J11: 2895 | K11: 1016 | L11: 3192 | M11: 1032 | N11: 4369 | O11: 1469 | P11: 3020 | Q11: 1030 | R11: =AVERAGE(J11/K11,L11/M11,N11/O11,P11/Q11)*(48000/H11)*I11*1000 -> 851396.67 | S11: 1.37 | T11: =R11*S11 -> 1166413.4 | U11: 102084 | V11: 72055 | W11: =V11*I11/H11*1000 -> 431467.07
A12: Hal281-30-5-w15 | B12: Hal281 | C12: Hal281-30-5 | D12: No | E12: self | F12: 7.529 | G12: 15 | H12: 1002 | I12: 6 | J12: 2932 | K12: 1028 | L12: 2991 | M12: 1024 | N12: 2946 | O12: 1037 | P12: 3399 | Q12: 1198 | R12: =AVERAGE(J12/K12,L12/M12,N12/O12,P12/Q12)*(48000/H12)*I12*1000 -> 822837.44 | S12: 1.37 | T12: =R12*S12 -> 1127287.3 | U12: 79449 | V12: 57776 | W12: =V12*I12/H12*1000 -> 345964.07
A13: Hal281-30-5-w30 | B13: Hal281 | C13: Hal281-30-5 | D13: No | E13: self | F13: 7.529 | G13: 30 | H13: 1002 | I13: 6 | J13: 2266 | K13: 1017 | L13: 2556 | M13: 1009 | N13: 2424 | O13: 1013 | P13: 2292 | Q13: 1017 | R13: =AVERAGE(J13/K13,L13/M13,N13/O13,P13/Q13)*(48000/H13)*I13*1000 -> 676016.97 | S13: 1.37 | T13: =R13*S13 -> 926143.25 | U13: 77193 | V13: 55123 | W13: =V13*I13/H13*1000 -> 330077.84
A14: Hal281-30-6-w0 | B14: Hal281 | C14: Hal281-30-6 | D14: No | E14: self | F14: 5.739 | G14: 0 | H14: 1002 | I14: 6 | J14: 3648 | K14: 1006 | L14: 3768 | M14: 1007 | N14: 3625 | O14: 1009 | P14: 3454 | Q14: 1012 | R14: =AVERAGE(J14/K14,L14/M14,N14/O14,P14/Q14)*(48000/H14)*I14*1000 -> 1032845 | S14: =1309300/R14 -> 1.2676636 | T14: =R14*S14 -> 1309300 | U14: 58999 | V14: 42085 | W14: =V14*I14/H14*1000 -> 252005.99
A15: Hal281-30-6-w2 | B15: Hal281 | C15: Hal281-30-6 | D15: No | E15: self | F15: 5.739 | G15: 2 | H15: 1002 | I15: 6 | J15: 4026 | K15: 1043 | L15: 3662 | M15: 1014 | N15: 3885 | O15: 1035 | P15: 3765 | Q15: 1009 | R15: =AVERAGE(J15/K15,L15/M15,N15/O15,P15/Q15)*(48000/H15)*I15*1000 -> 1074718.5 | S15: 1.27 | T15: =R15*S15 -> 1364892.5 | U15: 71769 | V15: 50113 | W15: =V15*I15/H15*1000 -> 300077.84
A16: Hal281-30-6-w5 | B16: Hal281 | C16: Hal281-30-6 | D16: No | E16: self | F16: 5.739 | G16: 5 | H16: 1002 | I16: 6 | J16: 3307 | K16: 1027 | L16: 3730 | M16: 1080 | N16: 3210 | O16: 1014 | P16: 3382 | Q16: 1029 | R16: =AVERAGE(J16/K16,L16/M16,N16/O16,P16/Q16)*(48000/H16)*I16*1000 -> 943194.88 | S16: 1.27 | T16: =R16*S16 -> 1197857.5 | U16: 67559 | V16: 47811 | W16: =V16*I16/H16*1000 -> 286293.41
A17: Hal281-30-6-w10 | B17: Hal281 | C17: Hal281-30-6 | D17: No | E17: self | F17: 5.739 | G17: 10 | H17: 1002 | I17: 6 | J17: 3455 | K17: 1042 | L17: 3233 | M17: 1014 | N17: 3164 | O17: 1014 | P17: 3277 | Q17: 1026 | R17: =AVERAGE(J17/K17,L17/M17,N17/O17,P17/Q17)*(48000/H17)*I17*1000 -> 921080.81 | S17: 1.27 | T17: =R17*S17 -> 1169772.6 | U17: 61356 | V17: 44804 | W17: =V17*I17/H17*1000 -> 268287.43
A18: Hal281-30-6-w15 | B18: Hal281 | C18: Hal281-30-6 | D18: No | E18: self | F18: 5.739 | G18: 15 | H18: 1002 | I18: 6 | J18: 3169 | K18: 1015 | L18: 3248 | M18: 1020 | N18: 3156 | O18: 1010 | P18: 3130 | Q18: 1043 | R18: =AVERAGE(J18/K18,L18/M18,N18/O18,P18/Q18)*(48000/H18)*I18*1000 -> 893331.19 | S18: 1.27 | T18: =R18*S18 -> 1134530.6 | U18: 69302 | V18: 50468 | W18: =V18*I18/H18*1000 -> 302203.59
A19: Hal281-30-6-w30 | B19: Hal281 | C19: Hal281-30-6 | D19: No | E19: self | F19: 5.739 | G19: 30 | H19: 1002 | I19: 6 | J19: 2636 | K19: 1031 | L19: 2719 | M19: 1035 | N19: 2875 | O19: 1023 | P19: 2741 | Q19: 1077 | R19: =AVERAGE(J19/K19,L19/M19,N19/O19,P19/Q19)*(48000/H19)*I19*1000 -> 757306.95 | S19: 1.27 | T19: =R19*S19 -> 961779.82 | U19: 70866 | V19: 51439 | W19: =V19*I19/H19*1000 -> 308017.96
A20: Hal281-60-4-w0 | B20: Hal281 | C20: Hal281-60-4 | D20: No | E20: self | F20: 4.227 | G20: 0 | H20: 1002 | I20: 6 | J20: 3829 | K20: 1033 | L20: 5114 | M20: 1343 | N20: 4695 | O20: 1234 | P20: 5119 | Q20: 1530 | R20: =AVERAGE(J20/K20,L20/M20,N20/O20,P20/Q20)*(48000/H20)*I20*1000 -> 1053774.2 | S20: =1309300/R20 -> 1.2424863 | T20: =R20*S20 -> 1309300 | U20: 73191 | V20: 55586 | W20: =V20*I20/H20*1000 -> 332850.3
A21: Hal281-60-4-w2 | B21: Hal281 | C21: Hal281-60-4 | D21: No | E21: self | F21: 4.227 | G21: 2 | H21: 1002 | I21: 6 | J21: 3492 | K21: 1018 | L21: 3448 | M21: 1031 | N21: 3414 | O21: 1019 | P21: 3302 | Q21: 1009 | R21: =AVERAGE(J21/K21,L21/M21,N21/O21,P21/Q21)*(48000/H21)*I21*1000 -> 962692.59 | S21: 1.24 | T21: =R21*S21 -> 1193738.8 | U21: 59743 | V21: 40996 | W21: =V21*I21/H21*1000 -> 245485.03
A22: Hal281-60-4-w5 | B22: Hal281 | C22: Hal281-60-4 | D22: No | E22: self | F22: 4.227 | G22: 5 | H22: 1002 | I22: 6 | J22: 3395 | K22: 1011 | L22: 3398 | M22: 1015 | N22: 3217 | O22: 1014 | P22: 3348 | Q22: 1010 | R22: =AVERAGE(J22/K22,L22/M22,N22/O22,P22/Q22)*(48000/H22)*I22*1000 -> 948020.11 | S22: 1.24 | T22: =R22*S22 -> 1175544.9 | U22: 54644 | V22: 35324 | W22: =V22*I22/H22*1000 -> 211520.96
A23: Hal281-60-4-w10 | B23: Hal281 | C23: Hal281-60-4 | D23: No | E23: self | F23: 4.227 | G23: 10 | H23: 1002 | I23: 6 | J23: 3367 | K23: 1029 | L23: 3406 | M23: 1018 | N23: 3315 | O23: 1026 | P23: 3309 | Q23: 1016 | R23: =AVERAGE(J23/K23,L23/M23,N23/O23,P23/Q23)*(48000/H23)*I23*1000 -> 941731.89 | S23: 1.24 | T23: =R23*S23 -> 1167747.5 | U23: 58749 | V23: 39847 | W23: =V23*I23/H23*1000 -> 238604.79
A24: Hal281-60-4-w15 | B24: Hal281 | C24: Hal281-60-4 | D24: No | E24: self | F24: 4.227 | G24: 15 | H24: 1002 | I24: 6 | J24: 3124 | K24: 1009 | L24: 3075 | M24: 1008 | N24: 2971 | O24: 1027 | P24: 3106 | Q24: 1026 | R24: =AVERAGE(J24/K24,L24/M24,N24/O24,P24/Q24)*(48000/H24)*I24*1000 -> 867083.53 | S24: 1.24 | T24: =R24*S24 -> 1075183.6 | U24: 67214 | V24: 48609 | W24: =V24*I24/H24*1000 -> 291071.86
A25: Hal281-60-4-w30 | B25: Hal281 | C25: Hal281-60-4 | D25: No | E25: self | F25: 4.227 | G25: 30 | H25: 1002 | I25: 6 | J25: 2429 | K25: 1022 | L25: 2462 | M25: 1080 | N25: 2506 | O25: 1079 | P25: 2315 | Q25: 1010 | R25: =AVERAGE(J25/K25,L25/M25,N25/O25,P25/Q25)*(48000/H25)*I25*1000 -> 666175.47 | S25: 1.24 | T25: =R25*S25 -> 826057.59 | U25: 78554 | V25: 49206 | W25: =V25*I25/H25*1000 -> 294646.71
A26: Hal281-60-4-w45 | B26: Hal281 | C26: Hal281-60-4 | D26: No | E26: self | F26: 4.227 | G26: 45 | H26: 1000 | I26: 2 | J26: NA | K26: NA | L26: 3698 | M26: 1005 | N26: 3954 | O26: 1011 | P26: 3976 | Q26: 1015 | R26: =AVERAGE(L26/M26,N26/O26,P26/Q26)*(48000/H26)*I26*1000 -> 368250.32 | S26: 1.24 | T26: =R26*S26 -> 456630.4 | U26: 199409 | V26: 187023 | W26: =V26*I26/H26*1000 -> 374046
A27: Hal281-60-4-w60 | B27: Hal281 | C27: Hal281-60-4 | D27: No | E27: self | F27: 4.227 | G27: 60 | H27: 1000 | I27: 2 | J27: NA | K27: NA | L27: 4084 | M27: 1009 | N27: 3724 | O27: 1012 | P27: 3851 | Q27: 1010 | R27: =AVERAGE(L27/M27,N27/O27,P27/Q27)*(48000/H27)*I27*1000 -> 369289.12 | S27: 1.24 | T27: =R27*S27 -> 457918.51 | U27: 211648 | V27: 199552 | W27: =V27*I27/H27*1000 -> 399104
A28: Hal281-60-5-w0 | B28: Hal281 | C28: Hal281-60-5 | D28: No | E28: self | F28: 3.877 | G28: 0 | H28: 1002 | I28: 6 | J28: 4503 | K28: 1014 | L28: 4290 | M28: 1017 | N28: 4283 | O28: 1023 | P28: 4382 | Q28: 1021 | R28: =AVERAGE(J28/K28,L28/M28,N28/O28,P28/Q28)*(48000/H28)*I28*1000 -> 1231451.1 | S28: =1309300/R28 -> 1.0632172 | T28: =R28*S28 -> 1309300 | U28: 46798 | V28: 29457 | W28: =V28*I28/H28*1000 -> 176389.22
A29: Hal281-60-5-w2 | B29: Hal281 | C29: Hal281-60-5 | D29: No | E29: self | F29: 3.877 | G29: 2 | H29: 1002 | I29: 6 | J29: 4431 | K29: 1006 | L29: 4224 | M29: 1016 | N29: 4740 | O29: 1020 | P29: 4518 | Q29: 1014 | R29: =AVERAGE(J29/K29,L29/M29,N29/O29,P29/Q29)*(48000/H29)*I29*1000 -> 1269322.1 | S29: 1.06 | T29: =R29*S29 -> 1345481.5 | U29: 70698 | V29: 47170 | W29: =V29*I29/H29*1000 -> 282455.09
A30: Hal281-60-5-w5 | B30: Hal281 | C30: Hal281-60-5 | D30: No | E30: self | F30: 3.877 | G30: 5 | H30: 1002 | I30: 6 | J30: 4207 | K30: 1007 | L30: 4361 | M30: 1010 | N30: 4343 | O30: 1011 | P30: 4393 | Q30: 1011 | R30: =AVERAGE(J30/K30,L30/M30,N30/O30,P30/Q30)*(48000/H30)*I30*1000 -> 1231367.2 | S30: 1.06 | T30: =R30*S30 -> 1305249.2 | U30: 59730 | V30: 40631 | W30: =V30*I30/H30*1000 -> 243299.4
A31: Hal281-60-5-w10 | B31: Hal281 | C31: Hal281-60-5 | D31: No | E31: self | F31: 3.877 | G31: 10 | H31: 1002 | I31: 6 | J31: 3994 | K31: 999 | L31: 4270 | M31: 1047 | N31: 4328 | O31: 1017 | P31: 3850 | Q31: 1020 | R31: =AVERAGE(J31/K31,L31/M31,N31/O31,P31/Q31)*(48000/H31)*I31*1000 -> 1157351.9 | S31: 1.06 | T31: =R31*S31 -> 1226793 | U31: 62726 | V31: 41246 | W31: =V31*I31/H31*1000 -> 246982.04
A32: Hal281-60-5-w15 | B32: Hal281 | C32: Hal281-60-5 | D32: No | E32: self | F32: 3.877 | G32: 15 | H32: 1002 | I32: 6 | J32: 3917 | K32: 1014 | L32: 4245 | M32: 1010 | N32: 4193 | O32: 1073 | P32: 3793 | Q32: 1015 | R32: =AVERAGE(J32/K32,L32/M32,N32/O32,P32/Q32)*(48000/H32)*I32*1000 -> 1128903.3 | S32: 1.06 | T32: =R32*S32 -> 1196637.5 | U32: 73559 | V32: 49514 | W32: =V32*I32/H32*1000 -> 296491.02
A33: Hal281-60-5-w30 | B33: Hal281 | C33: Hal281-60-5 | D33: No | E33: self | F33: 3.877 | G33: 30 | H33: 1002 | I33: 6 | J33: 3649 | K33: 1011 | L33: 3514 | M33: 1021 | N33: 3261 | O33: 1024 | P33: 3223 | Q33: 1010 | R33: =AVERAGE(J33/K33,L33/M33,N33/O33,P33/Q33)*(48000/H33)*I33*1000 -> 964791.45 | S33: 1.06 | T33: =R33*S33 -> 1022678.9 | U33: 58988 | V33: 40626 | W33: =V33*I33/H33*1000 -> 243269.46
A34: Hal281-60-5-w45 | B34: Hal281 | C34: Hal281-60-5 | D34: No | E34: self | F34: 3.877 | G34: 45 | H34: 1000 | I34: 2 | J34: NA | K34: NA | L34: 5465 | M34: 1044 | N34: 5287 | O34: 1032 | P34: 5708 | Q34: 1015 | R34: =AVERAGE(L34/M34,N34/O34,P34/Q34)*(48000/H34)*I34*1000 -> 511404.21 | S34: 1.06 | T34: =R34*S34 -> 542088.47 | U34: 183714 | V34: 170765 | W34: =V34*I34/H34*1000 -> 341530
A35: Hal281-60-5-w60 | B35: Hal281 | C35: Hal281-60-5 | D35: No | E35: self | F35: 3.877 | G35: 60 | H35: 1000 | I35: 2 | J35: NA | K35: NA | L35: 6003 | M35: 1018 | N35: 6003 | O35: 1010 | P35: 5700 | Q35: 1017 | R35: =AVERAGE(L35/M35,N35/O35,P35/Q35)*(48000/H35)*I35*1000 -> 558244.5 | S35: 1.06 | T35: =R35*S35 -> 591739.17 | U35: 161171 | V35: 148338 | W35: =V35*I35/H35*1000 -> 296676
A36: Hal281-60-6-w0 | B36: Hal281 | C36: Hal281-60-6 | D36: No | E36: self | F36: 7.449 | G36: 0 | H36: 1002 | I36: 6 | J36: 3887 | K36: 1030 | L36: 4133 | M36: 1022 | N36: 3745 | O36: 1030 | P36: 3714 | Q36: 1029 | R36: =AVERAGE(J36/K36,L36/M36,N36/O36,P36/Q36)*(48000/H36)*I36*1000 -> 1082376.3 | S36: 1.06 | T36: =R36*S36 -> 1147318.8 | U36: 56026 | V36: 37543 | W36: =V36*I36/H36*1000 -> 224808.38
A37: Hal281-60-6-w2 | B37: Hal281 | C37: Hal281-60-6 | D37: No | E37: self | F37: 7.449 | G37: 2 | H37: 1002 | I37: 6 | J37: 3525 | K37: 1026 | L37: 3697 | M37: 1011 | N37: 3714 | O37: 1019 | P37: 3616 | Q37: 1028 | R37: =AVERAGE(J37/K37,L37/M37,N37/O37,P37/Q37)*(48000/H37)*I37*1000 -> 1024290.4 | S37: =1309300/R37 -> 1.2782508 | T37: =R37*S37 -> 1309300 | U37: 64642 | V37: 43251 | W37: =V37*I37/H37*1000 -> 258988.02
A38: Hal281-60-6-w5 | B38: Hal281 | C38: Hal281-60-6 | D38: No | E38: self | F38: 7.449 | G38: 5 | H38: 1002 | I38: 6 | J38: 3984 | K38: 1020 | L38: 4145 | M38: 1006 | N38: 3555 | O38: 1008 | P38: 3662 | Q38: 1014 | R38: =AVERAGE(J38/K38,L38/M38,N38/O38,P38/Q38)*(48000/H38)*I38*1000 -> 1089656.5 | S38: 1.28 | T38: =R38*S38 -> 1394760.3 | U38: 53470 | V38: 41135 | W38: =V38*I38/H38*1000 -> 246317.37
A39: Hal281-60-6-w10 | B39: Hal281 | C39: Hal281-60-6 | D39: No | E39: self | F39: 7.449 | G39: 10 | H39: 1002 | I39: 6 | J39: 3192 | K39: 1016 | L39: 5807 | M39: 1739 | N39: 3396 | O39: 1022 | P39: 3493 | Q39: 1016 | R39: =AVERAGE(J39/K39,L39/M39,N39/O39,P39/Q39)*(48000/H39)*I39*1000 -> 951513.49 | S39: 1.28 | T39: =R39*S39 -> 1217937.3 | U39: 61227 | V39: 43687 | W39: =V39*I39/H39*1000 -> 261598.8
A40: Hal281-60-6-w15 | B40: Hal281 | C40: Hal281-60-6 | D40: No | E40: self | F40: 7.449 | G40: 15 | H40: 1002 | I40: 6 | J40: 3448 | K40: 1032 | L40: 3436 | M40: 1025 | N40: 3417 | O40: 1008 | P40: 3343 | Q40: 1016 | R40: =AVERAGE(J40/K40,L40/M40,N40/O40,P40/Q40)*(48000/H40)*I40*1000 -> 960971.19 | S40: 1.28 | T40: =R40*S40 -> 1230043.1 | U40: 68824 | V40: 47444 | W40: =V40*I40/H40*1000 -> 284095.81
A41: Hal281-60-6-w30 | B41: Hal281 | C41: Hal281-60-6 | D41: No | E41: self | F41: 7.449 | G41: 30 | H41: 1002 | I41: 6 | J41: 2882 | K41: 1024 | L41: 3178 | M41: 1105 | N41: 3008 | O41: 1042 | P41: 2828 | Q41: 1022 | R41: =AVERAGE(J41/K41,L41/M41,N41/O41,P41/Q41)*(48000/H41)*I41*1000 -> 815162.93 | S41: 1.28 | T41: =R41*S41 -> 1043408.5 | U41: 70944 | V41: 51946 | W41: =V41*I41/H41*1000 -> 311053.89
A42: Hal281-60-6-w45 | B42: Hal281 | C42: Hal281-60-6 | D42: No | E42: self | F42: 7.449 | G42: 45 | H42: 1000 | I42: 2 | J42: 5143 | K42: 1016 | L42: 6289 | M42: 1230 | N42: 4722 | O42: 1015 | P42: 5290 | Q42: 1082 | R42: =AVERAGE(J42/K42,L42/M42,N42/O42,P42/Q42)*(48000/H42)*I42*1000 -> 473191.85 | S42: 1.28 | T42: =R42*S42 -> 605685.57 | U42: 107718 | V42: 98934 | W42: =V42*I42/H42*1000 -> 197868
A43: Hal281-60-6-w60 | B43: Hal281 | C43: Hal281-60-6 | D43: No | E43: self | F43: 7.449 | G43: 60 | H43: 1000 | I43: 2 | J43: 4230 | K43: 1023 | L43: 4348 | M43: 1010 | N43: 4648 | O43: 1025 | P43: 4435 | Q43: 1020 | R43: =AVERAGE(J43/K43,L43/M43,N43/O43,P43/Q43)*(48000/H43)*I43*1000 -> 415740.51 | S43: 1.28 | T43: =R43*S43 -> 532147.85 | U43: 172816 | V43: 162254 | W43: =V43*I43/H43*1000 -> 324508
A44: Hal054-30-1-w0 | B44: Hal054 | C44: Hal054-30-1 | D44: Yes | E44: self | F44: 4.413 | G44: 0 | H44: 1002 | I44: 6 | J44: 7474 | K44: 1009 | L44: 7137 | M44: 1011 | N44: 8267 | O44: 1242 | P44: 7193 | Q44: 1010 | R44: =AVERAGE(J44/K44,L44/M44,N44/O44,P44/Q44)*(48000/H44)*I44*1000 -> 2029556.6 | S44: =1309300/R44 -> 0.64511627 | T44: =R44*S44 -> 1309300 | U44: 200160 | V44: 119265 | W44: =V44*I44/H44*1000 -> 714161.68
A45: Hal054-30-1-w2 | B45: Hal054 | C45: Hal054-30-1 | D45: Yes | E45: self | F45: 4.413 | G45: 2 | H45: 1002 | I45: 6 | J45: 3723 | K45: 1036 | L45: 3602 | M45: 1011 | N45: 2865 | O45: 1021 | P45: 3736 | Q45: 1011 | R45: =AVERAGE(J45/K45,L45/M45,N45/O45,P45/Q45)*(48000/H45)*I45*1000 -> 981403.26 | S45: 0.65 | T45: =R45*S45 -> 637912.12 | U45: 26806 | V45: 16127 | W45: =V45*I45/H45*1000 -> 96568.862
A46: Hal054-30-1-w5 | B46: Hal054 | C46: Hal054-30-1 | D46: Yes | E46: self | F46: 4.413 | G46: 5 | H46: 1002 | I46: 6 | J46: 4554 | K46: 1009 | L46: 4425 | M46: 1011 | N46: 4658 | O46: 1009 | P46: 5281 | Q46: 1184 | R46: =AVERAGE(J46/K46,L46/M46,N46/O46,P46/Q46)*(48000/H46)*I46*1000 -> 1291041.2 | S46: 0.65 | T46: =R46*S46 -> 839176.79 | U46: 38160 | V46: 23115 | W46: =V46*I46/H46*1000 -> 138413.17
A47: Hal054-30-1-w10 | B47: Hal054 | C47: Hal054-30-1 | D47: Yes | E47: self | F47: 4.413 | G47: 10 | H47: 1002 | I47: 6 | J47: 6565 | K47: 1012 | L47: 6722 | M47: 1009 | N47: 6200 | O47: 997 | P47: 6685 | Q47: 1006 | R47: =AVERAGE(J47/K47,L47/M47,N47/O47,P47/Q47)*(48000/H47)*I47*1000 -> 1869196.2 | S47: 0.65 | T47: =R47*S47 -> 1214977.6 | U47: 79709 | V47: 58182 | W47: =V47*I47/H47*1000 -> 348395.21
A48: Hal054-30-1-w15 | B48: Hal054 | C48: Hal054-30-1 | D48: Yes | E48: self | F48: 4.413 | G48: 15 | H48: 1002 | I48: 6 | J48: 6466 | K48: 998 | L48: 6987 | M48: 1009 | N48: 7019 | O48: 1009 | P48: 6894 | Q48: 1011 | R48: =AVERAGE(J48/K48,L48/M48,N48/O48,P48/Q48)*(48000/H48)*I48*1000 -> 1952983.4 | S48: 0.65 | T48: =R48*S48 -> 1269439.2 | U48: 57046 | V48: 37356 | W48: =V48*I48/H48*1000 -> 223688.62
A49: Hal054-30-1-w30 | B49: Hal054 | C49: Hal054-30-1 | D49: Yes | E49: self | F49: 4.413 | G49: 30 | H49: 1002 | I49: 6 | J49: 5758 | K49: 1013 | L49: 5781 | M49: 1044 | N49: 5506 | O49: 1013 | P49: 5856 | Q49: 1017 | R49: =AVERAGE(J49/K49,L49/M49,N49/O49,P49/Q49)*(48000/H49)*I49*1000 -> 1610652.6 | S49: 0.65 | T49: =R49*S49 -> 1046924.2 | U49: 56242 | V49: 37514 | W49: =V49*I49/H49*1000 -> 224634.73
A50: Hal054-30-2-w0 | B50: Hal054 | C50: Hal054-30-2 | D50: Yes | E50: self | F50: 5.4 | G50: 0 | H50: 1002 | I50: 6 | J50: 7985 | K50: 991 | L50: 7141 | M50: 1011 | N50: 7699 | O50: 1011 | P50: 7425 | Q50: 1002 | R50: =AVERAGE(J50/K50,L50/M50,N50/O50,P50/Q50)*(48000/H50)*I50*1000 -> 2166196.4 | S50: =1309300/R50 -> 0.60442349 | T50: =R50*S50 -> 1309300 | U50: 62535 | V50: 41245 | W50: =V50*I50/H50*1000 -> 246976.05
A51: Hal054-30-2-w2 | B51: Hal054 | C51: Hal054-30-2 | D51: Yes | E51: self | F51: 5.4 | G51: 2 | H51: 1002 | I51: 6 | J51: 6746 | K51: 999 | L51: 6779 | M51: 1015 | N51: 6508 | O51: 1024 | P51: 6914 | Q51: 1020 | R51: =AVERAGE(J51/K51,L51/M51,N51/O51,P51/Q51)*(48000/H51)*I51*1000 -> 1908896.1 | S51: 0.6 | T51: =R51*S51 -> 1145337.7 | U51: 62635 | V51: 39098 | W51: =V51*I51/H51*1000 -> 234119.76
A52: Hal054-30-2-w5 | B52: Hal054 | C52: Hal054-30-2 | D52: Yes | E52: self | F52: 5.4 | G52: 5 | H52: 1002 | I52: 6 | J52: 6108 | K52: 913 | L52: 6841 | M52: 1012 | N52: 6905 | O52: 1009 | P52: 6539 | Q52: 1016 | R52: =AVERAGE(J52/K52,L52/M52,N52/O52,P52/Q52)*(48000/H52)*I52*1000 -> 1920671.7 | S52: 0.6 | T52: =R52*S52 -> 1152403 | U52: 54116 | V52: 34881 | W52: =V52*I52/H52*1000 -> 208868.26
A53: Hal054-30-2-w10 | B53: Hal054 | C53: Hal054-30-2 | D53: Yes | E53: self | F53: 5.4 | G53: 10 | H53: 1002 | I53: 6 | J53: 7229 | K53: 1017 | L53: 7151 | M53: 1014 | N53: 7165 | O53: 1019 | P53: 7557 | Q53: 1024 | R53: =AVERAGE(J53/K53,L53/M53,N53/O53,P53/Q53)*(48000/H53)*I53*1000 -> 2053057.4 | S53: 0.6 | T53: =R53*S53 -> 1231834.4 | U53: 71746 | V53: 46013 | W53: =V53*I53/H53*1000 -> 275526.95
A54: Hal054-30-2-w15 | B54: Hal054 | C54: Hal054-30-2 | D54: Yes | E54: self | F54: 5.4 | G54: 15 | H54: 1002 | I54: 6 | J54: 5706 | K54: 1015 | L54: 6540 | M54: 1044 | N54: 6071 | O54: 1019 | P54: 6100 | Q54: 1039 | R54: =AVERAGE(J54/K54,L54/M54,N54/O54,P54/Q54)*(48000/H54)*I54*1000 -> 1704062.8 | S54: 0.6 | T54: =R54*S54 -> 1022437.7 | U54: 51131 | V54: 33288 | W54: =V54*I54/H54*1000 -> 199329.34
A55: Hal054-30-2-w30 | B55: Hal054 | C55: Hal054-30-2 | D55: Yes | E55: self | F55: 5.4 | G55: 30 | H55: 1002 | I55: 6 | J55: 7894 | K55: 1015 | L55: 7843 | M55: 1012 | N55: 7880 | O55: 1008 | P55: 7464 | Q55: 1015 | R55: =AVERAGE(J55/K55,L55/M55,N55/O55,P55/Q55)*(48000/H55)*I55*1000 -> 2205879.9 | S55: 0.6 | T55: =R55*S55 -> 1323527.9 | U55: 93955 | V55: 63304 | W55: =V55*I55/H55*1000 -> 379065.87
A56: Hal054-30-3-w0 | B56: Hal054 | C56: Hal054-30-3 | D56: Yes | E56: self | F56: 5.238 | G56: 0 | H56: 1002 | I56: 6 | J56: 7959 | K56: 1044 | L56: 7977 | M56: 1058 | N56: 7672 | O56: 1048 | P56: 8020 | Q56: 1044 | R56: =AVERAGE(J56/K56,L56/M56,N56/O56,P56/Q56)*(48000/H56)*I56*1000 -> 2167607 | S56: =1309300/R56 -> 0.60403016 | T56: =R56*S56 -> 1309300 | U56: 68493 | V56: 45541 | W56: =V56*I56/H56*1000 -> 272700.6
A57: Hal054-30-3-w2 | B57: Hal054 | C57: Hal054-30-3 | D57: Yes | E57: self | F57: 5.238 | G57: 2 | H57: 1002 | I57: 6 | J57: 8784 | K57: 1012 | L57: 8887 | M57: 1013 | N57: 8608 | O57: 1008 | P57: 9332 | Q57: 1085 | R57: =AVERAGE(J57/K57,L57/M57,N57/O57,P57/Q57)*(48000/H57)*I57*1000 -> 2485753.1 | S57: 0.6 | T57: =R57*S57 -> 1491451.9 | U57: 76281 | V57: 52144 | W57: =V57*I57/H57*1000 -> 312239.52
A58: Hal054-30-3-w5 | B58: Hal054 | C58: Hal054-30-3 | D58: Yes | E58: self | F58: 5.238 | G58: 5 | H58: 1002 | I58: 6 | J58: 6843 | K58: 1036 | L58: 7016 | M58: 1009 | N58: 6655 | O58: 1018 | P58: 6596 | Q58: 1015 | R58: =AVERAGE(J58/K58,L58/M58,N58/O58,P58/Q58)*(48000/H58)*I58*1000 -> 1910980.7 | S58: 0.6 | T58: =R58*S58 -> 1146588.4 | U58: 60294 | V58: 40059 | W58: =V58*I58/H58*1000 -> 239874.25
A59: Hal054-30-3-w10 | B59: Hal054 | C59: Hal054-30-3 | D59: Yes | E59: self | F59: 5.238 | G59: 10 | H59: 1002 | I59: 6 | J59: 7341 | K59: 1029 | L59: 7871 | M59: 1114 | N59: 7227 | O59: 1050 | P59: 6673 | Q59: 1012 | R59: =AVERAGE(J59/K59,L59/M59,N59/O59,P59/Q59)*(48000/H59)*I59*1000 -> 1988721.3 | S59: 0.6 | T59: =R59*S59 -> 1193232.8 | U59: 77369 | V59: 50684 | W59: =V59*I59/H59*1000 -> 303497.01
A60: Hal054-30-3-w15 | B60: Hal054 | C60: Hal054-30-3 | D60: Yes | E60: self | F60: 5.238 | G60: 15 | H60: 1002 | I60: 6 | J60: 6732 | K60: 1006 | L60: 7522 | M60: 1073 | N60: 6638 | O60: 1007 | P60: 7015 | Q60: 1026 | R60: =AVERAGE(J60/K60,L60/M60,N60/O60,P60/Q60)*(48000/H60)*I60*1000 -> 1949546.6 | S60: 0.6 | T60: =R60*S60 -> 1169727.9 | U60: 69358 | V60: 46462 | W60: =V60*I60/H60*1000 -> 278215.57
A61: Hal054-30-3-w30 | B61: Hal054 | C61: Hal054-30-3 | D61: Yes | E61: self | F61: 5.238 | G61: 30 | H61: 1002 | I61: 6 | J61: 5995 | K61: 1014 | L61: 6073 | M61: 1005 | N61: 6260 | O61: 1004 | P61: 5578 | Q61: 1008 | R61: =AVERAGE(J61/K61,L61/M61,N61/O61,P61/Q61)*(48000/H61)*I61*1000 -> 1704704.5 | S61: 0.6 | T61: =R61*S61 -> 1022822.7 | U61: 80185 | V61: 53187 | W61: =V61*I61/H61*1000 -> 318485.03
A62: Hal054-60-1-w0 | B62: Hal054 | C62: Hal054-60-1 | D62: Yes | E62: self | F62: 4.805 | G62: 0 | H62: 1002 | I62: 6 | J62: 7693 | K62: 1014 | L62: 8668 | M62: 1085 | N62: 8734 | O62: 1044 | P62: 8255 | Q62: 1034 | R62: =AVERAGE(J62/K62,L62/M62,N62/O62,P62/Q62)*(48000/H62)*I62*1000 -> 2294025.2 | S62: =1309300/R62 -> 0.5707435 | T62: =R62*S62 -> 1309300 | U62: 71246 | V62: 46027 | W62: =V62*I62/H62*1000 -> 275610.78
A63: Hal054-60-1-w2 | B63: Hal054 | C63: Hal054-60-1 | D63: Yes | E63: self | F63: 4.805 | G63: 2 | H63: 1002 | I63: 6 | J63: 7652 | K63: 1029 | L63: 7509 | M63: 1008 | N63: 7417 | O63: 1006 | P63: 7419 | Q63: 1013 | R63: =AVERAGE(J63/K63,L63/M63,N63/O63,P63/Q63)*(48000/H63)*I63*1000 -> 2125674.6 | S63: 0.57 | T63: =R63*S63 -> 1211634.5 | U63: 64198 | V63: 41807 | W63: =V63*I63/H63*1000 -> 250341.32
A64: Hal054-60-1-w5 | B64: Hal054 | C64: Hal054-60-1 | D64: Yes | E64: self | F64: 4.805 | G64: 5 | H64: 1002 | I64: 6 | J64: 6399 | K64: 1078 | L64: 6266 | M64: 1067 | N64: 6175 | O64: 1038 | P64: 6203 | Q64: 1083 | R64: =AVERAGE(J64/K64,L64/M64,N64/O64,P64/Q64)*(48000/H64)*I64*1000 -> 1687550.7 | S64: 0.57 | T64: =R64*S64 -> 961903.92 | U64: 75369 | V64: 48537 | W64: =V64*I64/H64*1000 -> 290640.72
A65: Hal054-60-1-w10 | B65: Hal054 | C65: Hal054-60-1 | D65: Yes | E65: self | F65: 4.805 | G65: 10 | H65: 1002 | I65: 6 | J65: 6330 | K65: 1008 | L65: 6674 | M65: 1020 | N65: 6510 | O65: 1020 | P65: 6338 | Q65: 1013 | R65: =AVERAGE(J65/K65,L65/M65,N65/O65,P65/Q65)*(48000/H65)*I65*1000 -> 1829598.7 | S65: 0.57 | T65: =R65*S65 -> 1042871.3 | U65: 71293 | V65: 46885 | W65: =V65*I65/H65*1000 -> 280748.5
A66: Hal054-60-1-w15 | B66: Hal054 | C66: Hal054-60-1 | D66: Yes | E66: self | F66: 4.805 | G66: 15 | H66: 1002 | I66: 6 | J66: 6508 | K66: 1018 | L66: 6285 | M66: 1023 | N66: 6402 | O66: 1046 | P66: 6197 | Q66: 1027 | R66: =AVERAGE(J66/K66,L66/M66,N66/O66,P66/Q66)*(48000/H66)*I66*1000 -> 1774215.2 | S66: 0.57 | T66: =R66*S66 -> 1011302.6 | U66: 73416 | V66: 48005 | W66: =V66*I66/H66*1000 -> 287455.09
A67: Hal054-60-1-w30 | B67: Hal054 | C67: Hal054-60-1 | D67: Yes | E67: self | F67: 4.805 | G67: 30 | H67: 1002 | I67: 6 | J67: 5981 | K67: 1013 | L67: 5895 | M67: 1048 | N67: 6338 | O67: 1035 | P67: 5730 | Q67: 1008 | R67: =AVERAGE(J67/K67,L67/M67,N67/O67,P67/Q67)*(48000/H67)*I67*1000 -> 1676941.8 | S67: 0.57 | T67: =R67*S67 -> 955856.83 | U67: 70448 | V67: 47100 | W67: =V67*I67/H67*1000 -> 282035.93
A68: Hal054-60-1-w45 | B68: Hal054 | C68: Hal054-60-1 | D68: Yes | E68: self | F68: 4.805 | G68: 45 | H68: 1000 | I68: 2 | J68: 6455 | K68: 1012 | L68: 8587 | M68: 1016 | N68: 7937 | O68: 1015 | P68: 10496 | Q68: 1283 | R68: =AVERAGE(J68/K68,L68/M68,N68/O68,P68/Q68)*(48000/H68)*I68*1000 -> 739938.26 | S68: 0.57 | T68: =R68*S68 -> 421764.81 | U68: 165961 | V68: 151385 | W68: =V68*I68/H68*1000 -> 302770
A69: Hal054-60-1-w60 | B69: Hal054 | C69: Hal054-60-1 | D69: Yes | E69: self | F69: 4.805 | G69: 60 | H69: 1000 | I69: 2 | J69: 8674 | K69: 1011 | L69: 7866 | M69: 1012 | N69: 7402 | O69: 1010 | P69: 7251 | Q69: 1019 | R69: =AVERAGE(J69/K69,L69/M69,N69/O69,P69/Q69)*(48000/H69)*I69*1000 -> 739124.74 | S69: 0.57 | T69: =R69*S69 -> 421301.1 | U69: 118292 | V69: 105497 | W69: =V69*I69/H69*1000 -> 210994
A70: Hal054-60-2-w0 | B70: Hal054 | C70: Hal054-60-2 | D70: Yes | E70: self | F70: 4.566 | G70: 0 | H70: 1002 | I70: 6 | J70: 13033 | K70: 1675 | L70: 7530 | M70: 1007 | N70: 7458 | O70: 1015 | P70: 8046 | Q70: 1089 | R70: =AVERAGE(J70/K70,L70/M70,N70/O70,P70/Q70)*(48000/H70)*I70*1000 -> 2155312.5 | S70: =1309300/R70 -> 0.60747573 | T70: =R70*S70 -> 1309300 | U70: 62837 | V70: 40980 | W70: =V70*I70/H70*1000 -> 245389.22
A71: Hal054-60-2-w2 | B71: Hal054 | C71: Hal054-60-2 | D71: Yes | E71: self | F71: 4.566 | G71: 2 | H71: 1002 | I71: 6 | J71: 6499 | K71: 1010 | L71: 6683 | M71: 1006 | N71: 7079 | O71: 1073 | P71: 6787 | Q71: 1008 | R71: =AVERAGE(J71/K71,L71/M71,N71/O71,P71/Q71)*(48000/H71)*I71*1000 -> 1897603.8 | S71: 0.61 | T71: =R71*S71 -> 1157538.3 | U71: 59715 | V71: 39853 | W71: =V71*I71/H71*1000 -> 238640.72
A72: Hal054-60-2-w5 | B72: Hal054 | C72: Hal054-60-2 | D72: Yes | E72: self | F72: 4.566 | G72: 5 | H72: 1002 | I72: 6 | J72: 7484 | K72: 1017 | L72: 7859 | M72: 1001 | N72: 7508 | O72: 1014 | P72: 6989 | Q72: 1018 | R72: =AVERAGE(J72/K72,L72/M72,N72/O72,P72/Q72)*(48000/H72)*I72*1000 -> 2118309.6 | S72: 0.61 | T72: =R72*S72 -> 1292168.9 | U72: 58908 | V72: 39592 | W72: =V72*I72/H72*1000 -> 237077.84
A73: Hal054-60-2-w10 | B73: Hal054 | C73: Hal054-60-2 | D73: Yes | E73: self | F73: 4.566 | G73: 10 | H73: 1002 | I73: 6 | J73: 6657 | K73: 1025 | L73: 6438 | M73: 1015 | N73: 6850 | O73: 1025 | P73: 6643 | Q73: 1016 | R73: =AVERAGE(J73/K73,L73/M73,N73/O73,P73/Q73)*(48000/H73)*I73*1000 -> 1872488.9 | S73: 0.61 | T73: =R73*S73 -> 1142218.2 | U73: 54274 | V73: 36282 | W73: =V73*I73/H73*1000 -> 217257.49
A74: Hal054-60-2-w15 | B74: Hal054 | C74: Hal054-60-2 | D74: Yes | E74: self | F74: 4.566 | G74: 15 | H74: 1002 | I74: 6 | J74: 6381 | K74: 1010 | L74: 6100 | M74: 1017 | N74: 6049 | O74: 1004 | P74: 6520 | Q74: 1013 | R74: =AVERAGE(J74/K74,L74/M74,N74/O74,P74/Q74)*(48000/H74)*I74*1000 -> 1780389.2 | S74: 0.61 | T74: =R74*S74 -> 1086037.4 | U74: 65879 | V74: 45607 | W74: =V74*I74/H74*1000 -> 273095.81
A75: Hal054-60-2-w30 | B75: Hal054 | C75: Hal054-60-2 | D75: Yes | E75: self | F75: 4.566 | G75: 30 | H75: 1002 | I75: 6 | J75: 4084 | K75: 996 | L75: 4322 | M75: 1015 | N75: 3791 | O75: 1016 | P75: 4117 | Q75: 1023 | R75: =AVERAGE(J75/K75,L75/M75,N75/O75,P75/Q75)*(48000/H75)*I75*1000 -> 1157911.4 | S75: 0.61 | T75: =R75*S75 -> 706325.95 | U75: 42577 | V75: 27601 | W75: =V75*I75/H75*1000 -> 165275.45
A76: Hal054-60-2-w45 | B76: Hal054 | C76: Hal054-60-2 | D76: Yes | E76: self | F76: 4.566 | G76: 45 | H76: 1000 | I76: 2 | J76: 9763 | K76: 1009 | L76: 10053 | M76: 1014 | N76: 10199 | O76: 997 | P76: 9880 | Q76: 1016 | R76: =AVERAGE(J76/K76,L76/M76,N76/O76,P76/Q76)*(48000/H76)*I76*1000 -> 949061.19 | S76: 0.61 | T76: =R76*S76 -> 578927.33 | U76: 97931 | V76: 84224 | W76: =V76*I76/H76*1000 -> 168448
A77: Hal054-60-2-w60 | B77: Hal054 | C77: Hal054-60-2 | D77: Yes | E77: self | F77: 4.566 | G77: 60 | H77: 1000 | I77: 2 | J77: 8673 | K77: 1005 | L77: 8742 | M77: 1017 | N77: 8465 | O77: 1011 | P77: 7807 | Q77: 1009 | R77: =AVERAGE(J77/K77,L77/M77,N77/O77,P77/Q77)*(48000/H77)*I77*1000 -> 800063.59 | S77: 0.61 | T77: =R77*S77 -> 488038.79 | U77: 104493 | V77: 92320 | W77: =V77*I77/H77*1000 -> 184640
A78: Hal054-60-3-w0 | B78: Hal054 | C78: Hal054-60-3 | D78: Yes | E78: self | F78: 4.087 | G78: 0 | H78: 1002 | I78: 6 | J78: 8681 | K78: 1012 | L78: 9312 | M78: 1002 | N78: 8524 | O78: 1014 | P78: 8827 | Q78: 1008 | R78: =AVERAGE(J78/K78,L78/M78,N78/O78,P78/Q78)*(48000/H78)*I78*1000 -> 2517465.8 | S78: =1309300/R78 -> 0.52008651 | T78: =R78*S78 -> 1309300 | U78: 76654 | V78: 50825 | W78: =V78*I78/H78*1000 -> 304341.32
A79: Hal054-60-3-w2 | B79: Hal054 | C79: Hal054-60-3 | D79: Yes | E79: self | F79: 4.087 | G79: 2 | H79: 1002 | I79: 6 | J79: NA | K79: NA | L79: NA | M79: NA | N79: NA | O79: NA | P79: NA | Q79: NA | R79: =AVERAGE(J79/K79,L79/M79,N79/O79,P79/Q79)*(48000/H79)*I79*1000 -> #VALUE! | S79: 0.52 | T79: =R79*S79 -> #VALUE! | U79: NA | V79: NA | W79: =V79*I79/H79*1000 -> #VALUE!
A80: Hal054-60-3-w5 | B80: Hal054 | C80: Hal054-60-3 | D80: Yes | E80: self | F80: 4.087 | G80: 5 | H80: 1002 | I80: 6 | J80: 6714 | K80: 1006 | L80: 8869 | M80: 1313 | N80: 6717 | O80: 1002 | P80: 7228 | Q80: 1003 | R80: =AVERAGE(J80/K80,L80/M80,N80/O80,P80/Q80)*(48000/H80)*I80*1000 -> 1964456.8 | S80: 0.52 | T80: =R80*S80 -> 1021517.5 | U80: 82200 | V80: 56979 | W80: =V80*I80/H80*1000 -> 341191.62
A81: Hal054-60-3-w10 | B81: Hal054 | C81: Hal054-60-3 | D81: Yes | E81: self | F81: 4.087 | G81: 10 | H81: 1002 | I81: 6 | J81: 5837 | K81: 1012 | L81: 5920 | M81: 1019 | N81: 5414 | O81: 994 | P81: 6147 | Q81: 1011 | R81: =AVERAGE(J81/K81,L81/M81,N81/O81,P81/Q81)*(48000/H81)*I81*1000 -> 1660182.2 | S81: 0.52 | T81: =R81*S81 -> 863294.76 | U81: 55822 | V81: 36286 | W81: =V81*I81/H81*1000 -> 217281.44
A82: Hal054-60-3-w15 | B82: Hal054 | C82: Hal054-60-3 | D82: Yes | E82: self | F82: 4.087 | G82: 15 | H82: 1002 | I82: 6 | J82: 6467 | K82: 1010 | L82: 6810 | M82: 1007 | N82: 6750 | O82: 1007 | P82: 6268 | Q82: 1003 | R82: =AVERAGE(J82/K82,L82/M82,N82/O82,P82/Q82)*(48000/H82)*I82*1000 -> 1876739.8 | S82: 0.52 | T82: =R82*S82 -> 975904.7 | U82: 91816 | V82: 66674 | W82: =V82*I82/H82*1000 -> 399245.51
A83: Hal054-60-3-w30 | B83: Hal054 | C83: Hal054-60-3 | D83: Yes | E83: self | F83: 4.087 | G83: 30 | H83: 1002 | I83: 6 | J83: 5680 | K83: 1034 | L83: 5670 | M83: 1000 | N83: 5758 | O83: 999 | P83: 5285 | Q83: 1007 | R83: =AVERAGE(J83/K83,L83/M83,N83/O83,P83/Q83)*(48000/H83)*I83*1000 -> 1593431.6 | S83: 0.52 | T83: =R83*S83 -> 828584.42 | U83: 71422 | V83: 48630 | W83: =V83*I83/H83*1000 -> 291197.6
A84: Hal054-60-3-w45 | B84: Hal054 | C84: Hal054-60-3 | D84: Yes | E84: self | F84: 4.087 | G84: 45 | H84: 1000 | I84: 2 | J84: 10149 | K84: 1013 | L84: 13876 | M84: 1445 | N84: 10281 | O84: 1011 | P84: 1051 | Q84: 1011 | R84: =AVERAGE(J84/K84,L84/M84,N84/O84,P84/Q84)*(48000/H84)*I84*1000 -> 739925.49 | S84: 0.52 | T84: =R84*S84 -> 384761.25 | U84: 108776 | V84: 94612 | W84: =V84*I84/H84*1000 -> 189224
A85: Hal054-60-3-w60 | B85: Hal054 | C85: Hal054-60-3 | D85: Yes | E85: self | F85: 4.087 | G85: 60 | H85: 1000 | I85: 2 | J85: 9295 | K85: 1021 | L85: 9258 | M85: 1009 | N85: 9613 | O85: 1003 | P85: 9613 | Q85: 1003 | R85: =AVERAGE(J85/K85,L85/M85,N85/O85,P85/Q85)*(48000/H85)*I85*1000 -> 898745.65 | S85: 0.52 | T85: =R85*S85 -> 467347.74 | U85: 103079 | V85: 88300 | W85: =V85*I85/H85*1000 -> 176600
A86: SA48-30-1-w0 | B86: SA48 | C86: SA48-30-1 | D86: No | E86: foreign | F86: 6.65 | G86: 0 | H86: 1002 | I86: 6 | J86: 4095 | K86: 1050 | L86: 4121 | M86: 1018 | N86: 4093 | O86: 1011 | P86: 4172 | Q86: 1006 | R86: =AVERAGE(J86/K86,L86/M86,N86/O86,P86/Q86)*(48000/H86)*I86*1000 -> 1160027.6 | S86: =1309300/R86 -> 1.12868 | T86: =R86*S86 -> 1309300 | U86: 36126 | V86: 22901 | W86: =V86*I86/H86*1000 -> 137131.74
A87: SA48-30-1-w2 | B87: SA48 | C87: SA48-30-1 | D87: No | E87: foreign | F87: 6.65 | G87: 2 | H87: 1002 | I87: 6 | J87: 4309 | K87: 1020 | L87: 4224 | M87: 1014 | N87: 4285 | O87: 1010 | P87: 4148 | Q87: 1012 | R87: =AVERAGE(J87/K87,L87/M87,N87/O87,P87/Q87)*(48000/H87)*I87*1000 -> 1202269.1 | S87: 1.13 | T87: =R87*S87 -> 1358564.1 | U87: 43966 | V87: 28047 | W87: =V87*I87/H87*1000 -> 167946.11
A88: SA48-30-1-w5 | B88: SA48 | C88: SA48-30-1 | D88: No | E88: foreign | F88: 6.65 | G88: 5 | H88: 1002 | I88: 6 | J88: 1912 | K88: 1011 | L88: 2050 | M88: 1013 | N88: 2011 | O88: 1015 | P88: 1923 | Q88: 1016 | R88: =AVERAGE(J88/K88,L88/M88,N88/O88,P88/Q88)*(48000/H88)*I88*1000 -> 559680.44 | S88: 1.13 | T88: =R88*S88 -> 632438.9 | U88: 11446 | V88: 6904 | W88: =V88*I88/H88*1000 -> 41341.317
A89: SA48-30-1-w10 | B89: SA48 | C89: SA48-30-1 | D89: No | E89: foreign | F89: 6.65 | G89: 10 | H89: 1002 | I89: 6 | J89: 5025 | K89: 1034 | L89: 4791 | M89: 1023 | N89: 4678 | O89: 1013 | P89: 4558 | Q89: 1013 | R89: =AVERAGE(J89/K89,L89/M89,N89/O89,P89/Q89)*(48000/H89)*I89*1000 -> 1340876.1 | S89: 1.13 | T89: =R89*S89 -> 1515190 | U89: 57279 | V89: 36719 | W89: =V89*I89/H89*1000 -> 219874.25
A90: SA48-30-1-w15 | B90: SA48 | C90: SA48-30-1 | D90: No | E90: foreign | F90: 6.65 | G90: 15 | H90: 1002 | I90: 6 | J90: 3981 | K90: 1012 | L90: 4223 | M90: 1018 | N90: 3912 | O90: 1005 | P90: 4131 | Q90: 1091 | R90: =AVERAGE(J90/K90,L90/M90,N90/O90,P90/Q90)*(48000/H90)*I90*1000 -> 1132533.9 | S90: 1.13 | T90: =R90*S90 -> 1279763.3 | U90: 56758 | V90: 37196 | W90: =V90*I90/H90*1000 -> 222730.54
A91: SA48-30-1-w30 | B91: SA48 | C91: SA48-30-1 | D91: No | E91: foreign | F91: 6.65 | G91: 30 | H91: 1002 | I91: 6 | J91: 4044 | K91: 1007 | L91: 4186 | M91: 1020 | N91: 3946 | O91: 1008 | P91: 4053 | Q91: 1012 | R91: =AVERAGE(J91/K91,L91/M91,N91/O91,P91/Q91)*(48000/H91)*I91*1000 -> 1152534.2 | S91: 1.13 | T91: =R91*S91 -> 1302363.6 | U91: 51473 | V91: 33179 | W91: =V91*I91/H91*1000 -> 198676.65
A92: SA48-30-2-w0 | B92: SA48 | C92: SA48-30-2 | D92: No | E92: foreign | F92: 5.187 | G92: 0 | H92: 1002 | I92: 6 | J92: 5124 | K92: 1181 | L92: 4479 | M92: 1014 | N92: 4375 | O92: 1014 | P92: 4366 | Q92: 1019 | R92: =AVERAGE(J92/K92,L92/M92,N92/O92,P92/Q92)*(48000/H92)*I92*1000 -> 1247069 | S92: =1309300/R92 -> 1.0499018 | T92: =R92*S92 -> 1309300 | U92: 49972 | V92: 32410 | W92: =V92*I92/H92*1000 -> 194071.86
A93: SA48-30-2-w2 | B93: SA48 | C93: SA48-30-2 | D93: No | E93: foreign | F93: 5.187 | G93: 2 | H93: 1002 | I93: 6 | J93: 4663 | K93: 1014 | L93: 4965 | M93: 1006 | N93: 4827 | O93: 1009 | P93: 4738 | Q93: 1012 | R93: =AVERAGE(J93/K93,L93/M93,N93/O93,P93/Q93)*(48000/H93)*I93*1000 -> 1365252.9 | S93: 1.05 | T93: =R93*S93 -> 1433515.6 | U93: 51854 | V93: 33097 | W93: =V93*I93/H93*1000 -> 198185.63
A94: SA48-30-2-w5 | B94: SA48 | C94: SA48-30-2 | D94: No | E94: foreign | F94: 5.187 | G94: 5 | H94: 1002 | I94: 6 | J94: 4492 | K94: 1005 | L94: 4679 | M94: 1008 | N94: 4672 | O94: 1020 | P94: 4793 | Q94: 1010 | R94: =AVERAGE(J94/K94,L94/M94,N94/O94,P94/Q94)*(48000/H94)*I94*1000 -> 1324847 | S94: 1.05 | T94: =R94*S94 -> 1391089.3 | U94: 47838 | V94: 30257 | W94: =V94*I94/H94*1000 -> 181179.64
A95: SA48-30-2-w10 | B95: SA48 | C95: SA48-30-2 | D95: No | E95: foreign | F95: 5.187 | G95: 10 | H95: 1002 | I95: 6 | J95: 4578 | K95: 1007 | L95: 4623 | M95: 1013 | N95: 4851 | O95: 1014 | P95: 4473 | Q95: 1021 | R95: =AVERAGE(J95/K95,L95/M95,N95/O95,P95/Q95)*(48000/H95)*I95*1000 -> 1313164.4 | S95: 1.05 | T95: =R95*S95 -> 1378822.7 | U95: 48632 | V95: 30471 | W95: =V95*I95/H95*1000 -> 182461.08
A96: SA48-30-2-w15 | B96: SA48 | C96: SA48-30-2 | D96: No | E96: foreign | F96: 5.187 | G96: 15 | H96: 1002 | I96: 6 | J96: 4247 | K96: 1011 | L96: 4437 | M96: 1003 | N96: 4295 | O96: 1025 | P96: 4467 | Q96: 1007 | R96: =AVERAGE(J96/K96,L96/M96,N96/O96,P96/Q96)*(48000/H96)*I96*1000 -> 1239572.1 | S96: 1.05 | T96: =R96*S96 -> 1301550.8 | U96: 51794 | V96: 33400 | W96: =V96*I96/H96*1000 -> 200000
A97: SA48-30-2-w30 | B97: SA48 | C97: SA48-30-2 | D97: No | E97: foreign | F97: 5.187 | G97: 30 | H97: 1002 | I97: 6 | J97: 3951 | K97: 1028 | L97: 4254 | M97: 1009 | N97: 4159 | O97: 1011 | P97: 4063 | Q97: 1020 | R97: =AVERAGE(J97/K97,L97/M97,N97/O97,P97/Q97)*(48000/H97)*I97*1000 -> 1160947.7 | S97: 1.05 | T97: =R97*S97 -> 1218995.1 | U97: 59364 | V97: 38443 | W97: =V97*I97/H97*1000 -> 230197.6
A98: SA48-30-3-w0 | B98: SA48 | C98: SA48-30-3 | D98: No | E98: foreign | F98: 7.872 | G98: 0 | H98: 1002 | I98: 6 | J98: 5093 | K98: 1006 | L98: 5927 | M98: 1098 | N98: 5108 | O98: 1005 | P98: 5311 | Q98: 1021 | R98: =AVERAGE(J98/K98,L98/M98,N98/O98,P98/Q98)*(48000/H98)*I98*1000 -> 1490656.6 | S98: =1309300/R98 -> 0.87833779 | T98: =R98*S98 -> 1309300 | U98: 60335 | V98: 40348 | W98: =V98*I98/H98*1000 -> 241604.79
A99: SA48-30-3-w2 | B99: SA48 | C99: SA48-30-3 | D99: No | E99: foreign | F99: 7.872 | G99: 2 | H99: 1002 | I99: 6 | J99: 3887 | K99: 1014 | L99: 4574 | M99: 1015 | N99: 4245 | O99: 1012 | P99: 4242 | Q99: 1014 | R99: =AVERAGE(J99/K99,L99/M99,N99/O99,P99/Q99)*(48000/H99)*I99*1000 -> 1201281.4 | S99: 0.88 | T99: =R99*S99 -> 1057127.7 | U99: 50987 | V99: 32623 | W99: =V99*I99/H99*1000 -> 195347.31
A100: SA48-30-3-w5 | B100: SA48 | C100: SA48-30-3 | D100: No | E100: foreign | F100: 7.872 | G100: 5 | H100: 1002 | I100: 6 | J100: 4661 | K100: 1006 | L100: 4625 | M100: 1005 | N100: 4887 | O100: 1004 | P100: 4516 | Q100: 1001 | R100: =AVERAGE(J100/K100,L100/M100,N100/O100,P100/Q100)*(48000/H100)*I100*1000 -> 1337548 | S100: 0.88 | T100: =R100*S100 -> 1177042.2 | U100: 50715 | V100: 32903 | W100: =V100*I100/H100*1000 -> 197023.95
...

Sheet uptake_rates_controls
A1: sample_id | B1: replicate | C1: sponge_weight_g | D1: time_min | E1: sample_volume_µL | F1: dilution | G1: bac_count1 | H1: bead_count1 | I1: bac_count2 | J1: bead_count2 | K1: bac_count3 | L1: bead_count3 | M1: bac_count4 | N1: bead_count4 | O1: final_vibrio/mL | P1: total_count | Q1: unstained_count
A2: Control30-1-t0 | B2: Control30-1 | C2: =40.76-37.701 -> 3.059 | D2: 0 | E2: 1002 | F2: 6 | G2: 177 | H2: 1020 | I2: 221 | J2: 1016 | K2: 209 | L2: 1015 | M2: 222 | N2: 1015 | O2: =(SUM((G2/H2),(I2/J2),(K2/L2),(M2/N2)))/4*(48000/E2)*F2*1000 -> 58611.711 | P2: 44134 | Q2: 35210
A3: Control30-1-t2 | B3: Control30-1 | C3: =40.76-37.701 -> 3.059 | D3: 2 | E3: 1002 | F3: 6 | G3: 64 | H3: 1061 | I3: 77 | J3: 939 | K3: 97 | L3: 1022 | M3: 63 | N3: 1062 | O3: =(SUM((G3/H3),(I3/J3),(K3/L3),(M3/N3)))/4*(48000/E3)*F3*1000 -> 21309.453 | P3: 64907 | Q3: 53509
A4: Control30-1-t5 | B4: Control30-1 | C4: =40.76-37.701 -> 3.059 | D4: 5 | E4: 1002 | F4: 6 | G4: 136 | H4: 1019 | I4: 153 | J4: 1020 | K4: 156 | L4: 1011 | M4: 113 | N4: 1013 | O4: =(SUM((G4/H4),(I4/J4),(K4/L4),(M4/N4)))/4*(48000/E4)*F4*1000 -> 39471.859 | P4: 74988 | Q4: 63205
A5: Control30-1-t10 | B5: Control30-1 | C5: =40.76-37.701 -> 3.059 | D5: 10 | E5: 1002 | F5: 6 | G5: 111 | H5: 1012 | I5: 139 | J5: 1018 | K5: 142 | L5: 1017 | M5: 131 | N5: 1014 | O5: =(SUM((G5/H5),(I5/J5),(K5/L5),(M5/N5)))/4*(48000/E5)*F5*1000 -> 37009.129 | P5: 72161 | Q5: 60841
A6: Control30-1-t15 | B6: Control30-1 | C6: =40.76-37.701 -> 3.059 | D6: 15 | E6: 1002 | F6: 6 | G6: 45 | H6: 1012 | I6: 65 | J6: 1011 | K6: 49 | L6: 1016 | M6: 57 | N6: 1020 | O6: =(SUM((G6/H6),(I6/J6),(K6/L6),(M6/N6)))/4*(48000/E6)*F6*1000 -> 15296.039 | P6: 103517 | Q6: 73163
A7: Control30-1-t30 | B7: Control30-1 | C7: =40.76-37.701 -> 3.059 | D7: 30 | E7: 1002 | F7: 6 | G7: 128 | H7: 1018 | I7: 157 | J7: 1014 | K7: 158 | L7: 1008 | M7: 158 | N7: 1018 | O7: =(SUM((G7/H7),(I7/J7),(K7/L7),(M7/N7)))/4*(48000/E7)*F7*1000 -> 42576.388 | P7: 53985 | Q7: 45577
A8: Control30-2-t0 | B8: Control30-2 | C8: 2.572 | D8: 0 | E8: 1002 | F8: 6 | G8: 66 | H8: 1015 | I8: 83 | J8: 1210 | K8: 100 | L8: 1258 | M8: 79 | N8: 1021 | O8: =(SUM((G8/H8),(I8/J8),(K8/L8),(M8/N8)))/4*(48000/E8)*F8*1000 -> 20873.249 | P8: 98276 | Q8: 69607
A9: Control30-2-t2 | B9: Control30-2 | C9: 2.572 | D9: 2 | E9: 1002 | F9: 6 | G9: 88 | H9: 1150 | I9: 81 | J9: 1072 | K9: 78 | L9: 1021 | M9: 61 | N9: 1015 | O9: =(SUM((G9/H9),(I9/J9),(K9/L9),(M9/N9)))/4*(48000/E9)*F9*1000 -> 20735.975 | P9: 74772 | Q9: 52154
A10: Control30-2-t5 | B10: Control30-2 | C10: 2.572 | D10: 5 | E10: 1002 | F10: 6 | G10: 82 | H10: 1008 | I10: 101 | J10: 1006 | K10: 81 | L10: 994 | M10: 67 | N10: 1016 | O10: =(SUM((G10/H10),(I10/J10),(K10/L10),(M10/N10)))/4*(48000/E10)*F10*1000 -> 23653.698 | P10: 72430 | Q10: 51136
A11: Control30-2-t10 | B11: Control30-2 | C11: 2.572 | D11: 10 | E11: 1002 | F11: 6 | G11: 89 | H11: 1004 | I11: 86 | J11: 1021 | K11: 90 | L11: 1016 | M11: 87 | N11: 1018 | O11: =(SUM((G11/H11),(I11/J11),(K11/L11),(M11/N11)))/4*(48000/E11)*F11*1000 -> 24928.45 | P11: 75399 | Q11: 52956
A12: Control30-2-t15 | B12: Control30-2 | C12: 2.572 | D12: 15 | E12: 1002 | F12: 6 | G12: 88 | H12: 1023 | I12: 86 | J12: 1013 | K12: 74 | L12: 1032 | M12: 69 | N12: 1014 | O12: =(SUM((G12/H12),(I12/J12),(K12/L12),(M12/N12)))/4*(48000/E12)*F12*1000 -> 22323.637 | P12: 76258 | Q12: 52749
A13: Control30-2-t30 | B13: Control30-2 | C13: 2.572 | D13: 30 | E13: 1002 | F13: 6 | G13: 94 | H13: 1005 | I13: 102 | J13: 1015 | K13: 69 | L13: 1036 | M13: 68 | N13: 1015 | O13: =(SUM((G13/H13),(I13/J13),(K13/L13),(M13/N13)))/4*(48000/E13)*F13*1000 -> 23541.725 | P13: 77760 | Q13: 54332
A14: Control30-3-t0 | B14: Control30-3 | C14: 6.824 | D14: 0 | E14: 1002 | F14: 6 | G14: 171 | H14: 1015 | I14: 118 | J14: 1020 | K14: 186 | L14: 1303 | M14: 125 | N14: 1024 | O14: =(SUM((G14/H14),(I14/J14),(K14/L14),(M14/N14)))/4*(48000/E14)*F14*1000 -> 39447.449 | P14: 90735 | Q14: 61516
A15: Control30-3-t2 | B15: Control30-3 | C15: 6.824 | D15: 2 | E15: 1002 | F15: 6 | G15: 183 | H15: 1010 | I15: 169 | J15: 1009 | K15: 164 | L15: 1129 | M15: 150 | N15: 1018 | O15: =(SUM((G15/H15),(I15/J15),(K15/L15),(M15/N15)))/4*(48000/E15)*F15*1000 -> 46080.698 | P15: 79989 | Q15: 61231
A16: Control30-3-t5 | B16: Control30-3 | C16: 6.824 | D16: 5 | E16: 1002 | F16: 6 | G16: 150 | H16: 1020 | I16: 158 | J16: 1008 | K16: 144 | L16: 1012 | M16: 130 | N16: 1030 | O16: =(SUM((G16/H16),(I16/J16),(K16/L16),(M16/N16)))/4*(48000/E16)*F16*1000 -> 41124.139 | P16: 79924 | Q16: 62728
A17: Control30-3-t10 | B17: Control30-3 | C17: 6.824 | D17: 10 | E17: 1002 | F17: 6 | G17: 158 | H17: 995 | I17: 156 | J17: 1020 | K17: 156 | L17: 1016 | M17: 140 | N17: 1009 | O17: =(SUM((G17/H17),(I17/J17),(K17/L17),(M17/N17)))/4*(48000/E17)*F17*1000 -> 43403.331 | P17: 66535 | Q17: 47130
A18: Control30-3-t15 | B18: Control30-3 | C18: 6.824 | D18: 15 | E18: 1002 | F18: 6 | G18: 150 | H18: 1079 | I18: 144 | J18: 1006 | K18: 153 | L18: 1015 | M18: 153 | N18: 1010 | O18: =(SUM((G18/H18),(I18/J18),(K18/L18),(M18/N18)))/4*(48000/E18)*F18*1000 -> 41991.58 | P18: 66013 | Q18: 49161
A19: Control30-3-t30 | B19: Control30-3 | C19: 6.824 | D19: 30 | E19: 1002 | F19: 6 | G19: 166 | H19: 1021 | I19: 163 | J19: 1019 | K19: 158 | L19: 1016 | M19: 159 | N19: 1020 | O19: =(SUM((G19/H19),(I19/J19),(K19/L19),(M19/N19)))/4*(48000/E19)*F19*1000 -> 45552.619 | P19: 79950 | Q19: 61981
... A43: Control60-3-t60 | B43: Control60-3 | C43: 4.716 | D43: 60 | E43: 1000 | F43: 2 | G43: 118 | H43: 1003 | I43: 133 | J43: 1148 | K43: 137 | L43: 1147 | M43: 144 | N43: 1044 | O43: =(SUM((G43/H43),(I43/J43),(K43/L43),(M43/N43)))/4*(48000/E43)*F43*1000 -> 11780.971 | P43: 456050 | Q43: 439807

Sheet uptake_rates_final
A1: sample_id | B1: vibrio_strain | C1: ankyrin_present | D1: self_vs_foreign | E1: duraction_min | F1: sponge_weight_g | G1: sponge_vol_mL | H1: exp_function / linear for controls | I1: Rº2 | J1: Vibrio/L_t0.00001 | K1: Vibrio/L_t0.0001 | L1: Vibrio_diff | M1: time_diff_min | N1: Vibrio_uptake_min-1 | O1: Vibrio_uptake_min-1_corrected | P1: Vibrio_uptake_min-1_mL-1 | Q1: avg_Vibrio_uptake_min-1_mL-1 | R1: SD | S1: filtration_mL_min-1_mL-1 | T1: avg_filtration_mL_min-1_mL-1 | U1: SD_filtration_mL_min-1_mL-1 | V1: Vibrio/mL_start | W1: avg_Vibrio/mL_start | X1: SD_Vibrio/mL_start | Y1: Vibrio/mL_end | Z1: perc_change | AA1: avg_perc_change | AB1: SD_perc_change | AC1: background
A2: Control30-1 | B2: NA | C2: NA | D2: NA | E2: 30 | F2: =40.76-37.701 -> 3.059 | G2: =(1.2*F2)-0.3 -> 3.3708 | H2: 37348.098 + -157.88043 * x | I2: 0.013 | J2: =37348.098 - 157.88043*0.00001 -> 37348.096 | K2: =37348.098 - 157.88043*0.0001 -> 37348.082 | L2: =J2-K2 -> 0.014209239 | M2: 0.0001 | N2: =L2*(1/M2) -> 142.09239 | O2: NA | P2: =N2/G2 -> 42.153906 | Q2: =AVERAGE(P2:P7) -> 7.9821206 | R2: =STDEV(P2:P7) -> 24.583242 | W2: 0
A3: Control30-2 | B3: NA | C3: NA | D3: NA | E3: 30 | F3: 2.572 | G3: =(1.2*F3)-0.3 -> 2.7864 | H3: 21941.087 + 70.21739 * x | I3: 0.218 | J3: =21941.087 + 70.21739*0.00001 -> 21941.088 | K3: =21941.087 + 70.21739*0.0001 -> 21941.094 | L3: =J3-K3 -> -0.0063195651 | M3: 0.0001 | N3: =L3*(1/M3) -> -63.195651 | O3: NA | P3: =N3/G3 -> -22.680036 | W3: 0
A4: Control30-3 | B4: NA | C4: NA | D4: NA | E4: 30 | F4: 6.824 | G4: =(1.2*F4)-0.3 -> 7.8888 | H4: 41790.489 + 110.59783 * x | I4: 0.22 | J4: =41790.489 + 110.59783*0.00001 -> 41790.49 | K4: =41790.489 + 110.59783*0.0001 -> 41790.5 | L4: =J4-K4 -> -0.0099538047 | M4: 0.0001 | N4: =L4*(1/M4) -> -99.538047 | O4: NA | P4: =N4/G4 -> -12.617641 | W4: 0
A5: Control60-1 | B5: NA | C5: NA | D5: NA | E5: 60 | F5: 2.483 | G5: =(1.2*F5)-0.3 -> 2.6796 | H5: 23430.87 + -85.31113 * x | I5: 0.648 | J5: =23430.87 - 85.31113*0.00001 -> 23430.869 | K5: =23430.87 - 85.31113*0.0001 -> 23430.861 | L5: =J5-K5 -> 0.0076780017 | M5: 0.0001 | N5: =L5*(1/M5) -> 76.780017 | O5: NA | P5: =N5/G5 -> 28.653537 | W5: 0
A6: Control60-2 | B6: NA | C6: NA | D6: NA | E6: 60 | F6: 5.149 | G6: =(1.2*F6)-0.3 -> 5.8788 | H6: 12385.709 + -5.96213 * x | I6: 0.005 | J6: =12385.709 - 5.96213*0.00001 -> 12385.709 | K6: =12385.709 - 5.96213*0.0001 -> 12385.708 | L6: =J6-K6 -> 0.0005365917 | M6: 0.0001 | N6: =L6*(1/M6) -> 5.365917 | O6: NA | P6: =N6/G6 -> 0.9127572 | W6: 0
A7: Control60-3 | B7: NA | C7: NA | D7: NA | E7: 60 | F7: 4.716 | G7: =(1.2*F7)-0.3 -> 5.3592 | H7: 15588.288 + -68.30122 * x | I7: 0.514 | J7: =15588.288 - 68.30122*0.00001 -> 15588.287 | K7: =15588.288 - 68.30122*0.0001 -> 15588.281 | L7: =J7-K7 -> 0.0061471098 | M7: 0.0001 | N7: =L7*(1/M7) -> 61.471098 | O7: NA | P7: =N7/G7 -> 11.4702 | W7: 0
A8: Hal281-30-4 | B8: Hal281 | C8: no | D8: self | E8: 30 | F8: 4.701 | G8: =(1.2*F8)-0.3 -> 5.3412 | H8: 1017951.923 * exp(-0.00695 * x) | I8: 0.343 | J8: =(1017951.923 * EXP(1)^(-0.00695 * 0.00001))*1000 -> 1.0179519e+09 | K8: =(1017951.923 * EXP(1)^(-0.00695 * 0.0001))*1000 -> 1.0179512e+09 | L8: =J8-K8 -> 636.72868 | M8: 0.0001 | N8: =L8*(1/M8) -> 6367286.8 | O8: =N8-$Q$2 -> 6367278.9 | P8: =N8/G8 -> 1192107.9 | Q8: =AVERAGE(P8:P13) -> 2267134.8 | R8: =STDEV(P8:P13) -> 1206812 | S8: =P8/V8 -> 1.1710846 | T8: =AVERAGE(S8:S13) -> 2.0246564 | U8: =STDEV(S8:S13) -> 0.94362682 | V8: 1017952 | W8: =AVERAGE($V$8:$V$37) -> 1309299.9 | X8: =STDEV($V$8:$V$37) -> 425827.05 | Y8: =V8-(N8*E8/1000) -> 826933.39 | Z8: =((V8-Y8)/V8) -> 0.18764991 | AA8: =AVERAGE(Z8:Z10) -> 0.28844986 | AB8: =STDEV(Z8:Z10) -> 0.099262368 | AC8: 324802.4
A9: Hal281-30-5 | B9: Hal281 | C9: no | D9: self | E9: 30 | F9: 7.529 | G9: =(1.2*F9)-0.3 -> 8.7348 | H9: 1021450.897 * exp(-0.0143 * x) | I9: 0.811 | J9: =(1021450.897 * EXP(1)^(-0.0143 * 0.00001))*1000 -> 1.0214508e+09 | K9: =(1021450.897 * EXP(1)^(-0.0143 * 0.0001))*1000 -> 1.0214494e+09 | L9: =J9-K9 -> 1314.6063 | M9: 0.0001 | N9: =L9*(1/M9) -> 13146063 | O9: =N9-$Q$2 -> 13146055 | P9: =N9/G9 -> 1505021.6 | S9: =P9/V9 -> 1.4734154 | V9: 1021451 | W9: =AVERAGE($V$8:$V$37) -> 1309299.9 | X9: =STDEV($V$8:$V$37) -> 425827.05 | Y9: =V9-(N9*E9/1000) -> 627069.12 | Z9: =((V9-Y9)/V9) -> 0.38609966 | AC9: 323553.89
A10: Hal281-30-6 | B10: Hal281 | C10: no | D10: self | E10: 30 | F10: 5.739 | G10: =(1.2*F10)-0.3 -> 6.5868 | H10: 1040133.68 * exp(-0.0108 * x) | I10: 0.92 | J10: =(1040133.68 * EXP(1)^(-0.0108 * 0.00001))*1000 -> 1.0401336e+09 | K10: =(1040133.68 * EXP(1)^(-0.0108 * 0.0001))*1000 -> 1.0401326e+09 | L10: =J10-K10 -> 1011.0093 | M10: 0.0001 | N10: =L10*(1/M10) -> 10110093 | O10: =N10-$Q$2 -> 10110085 | P10: =N10/G10 -> 1534902.1 | S10: =P10/V10 -> 1.4756787 | V10: 1040133 | W10: =AVERAGE($V$8:$V$37) -> 1309299.9 | X10: =STDEV($V$8:$V$37) -> 425827.05 | Y10: =V10-(N10*E10/1000) -> 736830.2 | Z10: =((V10-Y10)/V10) -> 0.29160002 | AC10: 286147.7
A11: Hal281-60-4 | B11: Hal281 | C11: no | D11: self | E11: 60 | F11: 4.227 | G11: =(1.2*F11)-0.3 -> 4.7724 | H11: 1058130.935 * exp(-0.01802 * x) | I11: 0.954 | J11: =(1058130.935 * EXP(1)^(-0.01802 * 0.00001))*1000 -> 1.0581307e+09 | K11: =(1058130.935 * EXP(1)^(-0.01802 * 0.0001))*1000 -> 1.058129e+09 | L11: =J11-K11 -> 1716.075 | M11: 0.0001 | N11: =L11*(1/M11) -> 17160750 | O11: =N11-$Q$2 -> 17160743 | P11: =N11/G11 -> 3595832.4 | S11: =P11/V11 -> 3.3982866 | V11: 1058131 | W11: =AVERAGE($V$8:$V$37) -> 1309299.9 | X11: =STDEV($V$8:$V$37) -> 425827.05 | Y11: =V11-(N11*E11/1000) -> 28485.97 | Z11: =((V11-Y11)/V11) -> 0.97307898 | AA11: =AVERAGE(Z11:Z13) -> 0.86327938 | AB11: =STDEV(Z11:Z13) -> 0.09604272 | AC11: 298416.21
A12: Hal281-60-5 | B12: Hal281 | C12: no | D12: self | E12: 60 | F12: 3.877 | G12: =(1.2*F12)-0.3 -> 4.3524 | H12: 1314042.989 * exp(-0.01472 * x) | I12: 0.915 | J12: =(1314042.989 * EXP(1)^(-0.01472 * 0.00001))*1000 -> 1.3140428e+09 | K12: =(1314042.989 * EXP(1)^(-0.01472 * 0.0001))*1000 -> 1.3140411e+09 | L12: =J12-K12 -> 1740.8427 | M12: 0.0001 | N12: =L12*(1/M12) -> 17408427 | O12: =N12-$Q$2 -> 17408419 | P12: =N12/G12 -> 3999730.6 | S12: =P12/V12 -> 3.0438377 | V12: 1314042 | W12: =AVERAGE($V$8:$V$37) -> 1309299.9 | X12: =STDEV($V$8:$V$37) -> 425827.05 | Y12: =V12-(N12*E12/1000) -> 269536.35 | Z12: =((V12-Y12)/V12) -> 0.79487995 | AC12: 265886.53
A13: Hal281-60-6 | B13: Hal281 | C13: no | D13: self | E13: 60 | F13: 7.449 | G13: =(1.2*F13)-0.3 -> 8.6388 | H13: 1119559.84 * exp(-0.01522 * x) | I13: 0.931 | J13: =(1119559.84 * EXP(1)^(-0.01522 * 0.00001))*1000 -> 1.1195597e+09 | K13: =(1119559.84 * EXP(1)^(-0.01522 * 0.0001))*1000 -> 1.1195581e+09 | L13: =J13-K13 -> 1533.5718 | M13: 0.0001 | N13: =L13*(1/M13) -> 15335718 | O13: =N13-$Q$2 -> 15335710 | P13: =N13/G13 -> 1775213.9 | S13: =P13/V13 -> 1.5856353 | V13: 1119560 | W13: =AVERAGE($V$8:$V$37) -> 1309299.9 | X13: =STDEV($V$8:$V$37) -> 425827.05 | Y13: =V13-(N13*E13/1000) -> 199416.93 | Z13: =((V13-Y13)/V13) -> 0.82187919 | AC13: 263654.78
A14: Hal054-30-1 | B14: Hal054 | C14: yes | D14: self | E14: 30 | F14: 4.413 | G14: =(1.2*F14)-0.3 -> 4.9956 | H14: 1557093.975 * exp(1)^(0.00387 * x) | I14: 0.031 | J14: =1557093.975 * EXP(1)^(0.00387 * 0.00001)*1000 -> 1.557094e+09 | K14: =1557093.975 * EXP(1)^(0.00387 * 0.0001)*1000 -> 1.5570946e+09 | L14: =J14-K14 -> -542.33595 | M14: 0.0001 | N14: =L14*(1/M14) -> -5423359.5 | O14: =N14-$Q$2 -> -5423367.5 | P14: =N14/G14 -> -1085627.2 | S14: =P14/V14 -> -0.69721368 | V14: 1557094 | W14: =AVERAGE($V$8:$V$37) -> 1309299.9 | X14: =STDEV($V$8:$V$37) -> 425827.05 | Y14: =V14-(N14*E14/1000) -> 1719794.8 | Z14: =((V14-Y14)/V14) -> -0.10449002 | AC14: 290977.05
A15: Hal054-30-2 | B15: Hal054 | C15: yes | D15: self | E15: 30 | F15: 5.4 | G15: =(1.2*F15)-0.3 -> 6.18 | H15: 1955638.863 * exp(1)^(0.00183 * x) | I15: 0.044 | J15: =1955638.863 * EXP(1)^(0.00183 * 0.00001)*1000 -> 1.9556389e+09 | K15: =1955638.863 * EXP(1)^(0.00183 * 0.0001)*1000 -> 1.9556392e+09 | L15: =J15-K15 -> -322.09375 | M15: 0.0001 | N15: =L15*(1/M15) -> -3220937.5 | O15: =N15-$Q$2 -> -3220945.5 | P15: =N15/G15 -> -521187.3 | S15: =P15/V15 -> -0.26650486 | V15: 1955639 | W15: =AVERAGE($V$8:$V$37) -> 1309299.9 | X15: =STDEV($V$8:$V$37) -> 425827.05 | Y15: =V15-(N15*E15/1000) -> 2052267.1 | Z15: =((V15-Y15)/V15) -> -0.049410002 | AC15: 257314.37
A16: Hal054-30-3 | B16: Hal054 | C16: yes | D16: self | E16: 30 | F16: 5.238 | G16: =(1.2*F16)-0.3 -> 5.9856 | H16: 2241210.854 * exp(1)^(-0.00981 * x) | I16: 0.604 | J16: =2241210.854 * EXP(1)^(-0.00981 * 0.00001)*1000 -> 2.2412106e+09 | K16: =2241210.854 * EXP(1)^(-0.00981 * 0.0001)*1000 -> 2.2412087e+09 | L16: =J16-K16 -> 1978.764 | M16: 0.0001 | N16: =L16*(1/M16) -> 19787640 | O16: =N16-$Q$2 -> 19787632 | P16: =N16/G16 -> 3305874.1 | Q16: =AVERAGE(P16:P19) -> 6087456.4 | R16: =STDEV(P16:P19) -> 2076309.5 | S16: =P16/V16 -> 1.4750392 | T16: =AVERAGE(S16:S19) -> 2.7316477 | U16: =STDEV(S16:S19) -> 0.89713415 | V16: 2241211 | W16: =AVERAGE($V$8:$V$37) -> 1309299.9 | X16: =STDEV($V$8:$V$37) -> 425827.05 | Y16: =V16-(N16*E16/1000) -> 1647581.8 | Z16: =((V16-Y16)/V16) -> 0.26486984 | AA16: 0.26 | AC16: 287502
A17: Hal054-60-1 | B17: Hal054 | C17: yes | D17: self | E17: 60 | F17: 4.805 | G17: =(1.2*F17)-0.3 -> 5.466 | H17: 2179579.471 * exp(1)^(-0.01718 * x) | I17: 0.858 | J17: =2179579.471 * EXP(1)^(-0.01718 * 0.00001)*1000 -> 2.1795791e+09 | K17: =2179579.471 * EXP(1)^(-0.01718 * 0.0001)*1000 -> 2.1795757e+09 | L17: =J17-K17 -> 3370.0626 | M17: 0.0001 | N17: =L17*(1/M17) -> 33700626 | O17: =N17-$Q$2 -> 33700618 | P17: =N17/G17 -> 6165500.5 | S17: =P17/V17 -> 2.8287575 | V17: 2179579 | W17: =AVERAGE($V$8:$V$37) -> 1309299.9 | X17: =STDEV($V$8:$V$37) -> 425827.05 | Y17: =V17-(N17*E17/1000) -> 157541.44 | Z17: =((V17-Y17)/V17) -> 0.92771932 | AA17: =AVERAGE(Z17:Z19) -> 0.95399917 | AB17: =STDEV(Z17:Z19) -> 0.033293439 | AC17: 272574.54
A18: Hal054-60-2 | B18: Hal054 | C18: yes | D18: self | E18: 60 | F18: 4.566 | G18: =(1.2*F18)-0.3 -> 5.1792 | H18: 2163130.449 * exp(1)^(-0.01746 * x) | I18: 0.957 | J18: =2163130.449 * EXP(1)^(-0.01746 * 0.00001)*1000 -> 2.1631301e+09 | K18: =2163130.449 * EXP(1)^(-0.01746 * 0.0001)*1000 -> 2.1631267e+09 | L18: =J18-K18 -> 3399.1399 | M18: 0.0001 | N18: =L18*(1/M18) -> 33991399 | O18: =N18-$Q$2 -> 33991391 | P18: =N18/G18 -> 6563059.8 | S18: =P18/V18 -> 3.034057 | V18: 2163130 | W18: =AVERAGE($V$8:$V$37) -> 1309299.9 | X18: =STDEV($V$8:$V$37) -> 425827.05 | Y18: =V18-(N18*E18/1000) -> 123646.05 | Z18: =((V18-Y18)/V18) -> 0.94283929 | AC18: 216228.07
A19: Hal054-60-3 | B19: Hal054 | C19: yes | D19: self | E19: 60 | F19: 4.087 | G19: =(1.2*F19)-0.3 -> 4.6044 | H19: 2317079.755 * exp(1)^(-0.01836 * x) | I19: 0.865 | J19: =2317079.755 * EXP(1)^(-0.01836 * 0.00001)*1000 -> 2.3170793e+09 | K19: =2317079.755 * EXP(1)^(-0.01836 * 0.0001)*1000 -> 2.3170755e+09 | L19: =J19-K19 -> 3828.7387 | M19: 0.0001 | N19: =L19*(1/M19) -> 38287387 | O19: =N19-$Q$2 -> 38287379 | P19: =N19/G19 -> 8315391.2 | S19: =P19/V19 -> 3.5887372 | V19: 2317080 | W19: =AVERAGE($V$8:$V$37) -> 1309299.9 | X19: =STDEV($V$8:$V$37) -> 425827.05 | Y19: =V19-(N19*E19/1000) -> 19836.767 | Z19: =((V19-Y19)/V19) -> 0.99143889 | AC19: 274154.5
A20: SA48-30-1 | B20: SA48 | C20: no | D20: foreign | E20: 30 | F20: 6.65 | G20: =(1.2*F20)-0.3 -> 7.68 | H20: 1049157.938 * exp(1)^(0.00363 * x) | I20: 0.027 | J20: =1049157.938 * EXP(1)^(0.00363 * 0.00001)*1000 -> 1.049158e+09 | K20: =1049157.938 * EXP(1)^(0.00363 * 0.0001)*1000 -> 1.0491583e+09 | L20: =J20-K20 -> -342.75997 | M20: 0.0001 | N20: =L20*(1/M20) -> -3427599.7 | O20: =N20-$Q$2 -> -3427607.7 | P20: =N20/G20 -> -446302.04 | S20: =P20/V20 -> -0.42539068 | V20: 1049158 | W20: =AVERAGE($V$8:$V$37) -> 1309299.9 | X20: =STDEV($V$8:$V$37) -> 425827.05 | Y20: =V20-(N20*E20/1000) -> 1151986 | Z20: =((V20-Y20)/V20) -> -0.098010014 | AC20: 189271.86
A21: SA48-30-2 | B21: SA48 | C21: no | D21: foreign | E21: 30 | F21: 5.187 | G21: =(1.2*F21)-0.3 -> 5.9244 | H21: 1329508.545 * exp(1)^(-0.00413 * x) | I21: 0.607 | J21: =1329508.545 * EXP(1)^(-0.00413 * 0.00001)*1000 -> 1.3295085e+09 | K21: =1329508.545 * EXP(1)^(-0.00413 * 0.0001)*1000 -> 1.329508e+09 | L21: =J21-K21 -> 494.17821 | M21: 0.0001 | N21: =L21*(1/M21) -> 4941782.1 | O21: =N21-$Q$2 -> 4941774.2 | P21: =N21/G21 -> 834140.53 | Q21: =AVERAGE(P21:P25) -> 2657570.7 | R21: =STDEV(P21:P25) -> 1501780.7 | S21: =P21/V21 -> 0.62740495 | T21: =AVERAGE(S21:S25) -> 1.9594515 | U21: =STDEV(S21:S25) -> 1.1140187 | V21: 1329509 | W21: =AVERAGE($V$8:$V$37) -> 1309299.9 | X21: =STDEV($V$8:$V$37) -> 425827.05 | Y21: =V21-(N21*E21/1000) -> 1181255.5 | Z21: =((V21-Y21)/V21) -> 0.11150994 | AA21: =AVERAGE(Z21:Z22) -> 0.23719485 | AB21: =STDEV(Z21:Z22) -> 0.1777453 | AC21: 197682.63
A22: SA48-30-3 | B22: SA48 | C22: no | D22: foreign | E22: 30 | F22: 7.872 | G22: =(1.2*F22)-0.3 -> 9.1464 | H22: 1381605.095 * exp(1)^(-0.01344 * x) | I22: 0.729 | J22: =1381605.095 * EXP(1)^(-0.01344 * 0.00001)*1000 -> 1.3816049e+09 | K22: =1381605.095 * EXP(1)^(-0.01344 * 0.0001)*1000 -> 1.3816032e+09 | L22: =J22-K22 -> 1671.1883 | M22: 0.0001 | N22: =L22*(1/M22) -> 16711883 | O22: =N22-$Q$2 -> 16711875 | P22: =N22/G22 -> 1827154.2 | S22: =P22/V22 -> 1.3224866 | V22: 1381605 | W22: =AVERAGE($V$8:$V$37) -> 1309299.9 | X22: =STDEV($V$8:$V$37) -> 425827.05 | Y22: =V22-(N22*E22/1000) -> 880248.51 | Z22: =((V22-Y22)/V22) -> 0.36287976 | AC22: 205179.64
A23: SA48-60-1 | B23: SA48 | C23: no | D23: foreign | E23: 60 | F23: 5.328 | G23: =(1.2*F23)-0.3 -> 6.0936 | H23: 1355413.973 * exp(1)^(-0.01212 * x) | I23: 0.786 | J23: =1355413.973 * EXP(1)^(-0.01212 * 0.00001)*1000 -> 1.3554138e+09 | K23: =1355413.973 * EXP(1)^(-0.01212 * 0.0001)*1000 -> 1.3554123e+09 | L23: =J23-K23 -> 1478.4846 | M23: 0.0001 | N23: =L23*(1/M23) -> 14784846 | O23: =N23-$Q$2 -> 14784838 | P23: =N23/G23 -> 2426290.8 | S23: =P23/V23 -> 1.7900736 | V23: 1355414 | W23: =AVERAGE($V$8:$V$37) -> 1309299.9 | X23: =STDEV($V$8:$V$37) -> 425827.05 | Y23: =V23-(N23*E23/1000) -> 468323.25 | Z23: =((V23-Y23)/V23) -> 0.65447955 | AA23: =AVERAGE(Z23:Z25) -> 0.83447924 | AB23: =STDEV(Z23:Z25) -> 0.15594415 | AC23: 171410.56
A24: SA48-60-2 | B24: SA48 | C24: no | D24: foreign | E24: 60 | F24: 3.888 | G24: =(1.2*F24)-0.3 -> 4.3656 | H24: 1346229.245 * exp(1)^(-0.01704 * x) | I24: 0.886 | J24: =1346229.245 * EXP(1)^(-0.01704 * 0.00001)*1000 -> 1.346229e+09 | K24: =1346229.245 * EXP(1)^(-0.01704 * 0.0001)*1000 -> 1.346227e+09 | L24: =J24-K24 -> 2064.5752 | M24: 0.0001 | N24: =L24*(1/M24) -> 20645752 | O24: =N24-$Q$2 -> 20645744 | P24: =N24/G24 -> 4729190.1 | S24: =P24/V24 -> 3.5129165 | V24: 1346229 | W24: =AVERAGE($V$8:$V$37) -> 1309299.9 | X24: =STDEV($V$8:$V$37) -> 425827.05 | Y24: =V24-(N24*E24/1000) -> 107483.86 | Z24: =((V24-Y24)/V24) -> 0.92015931 | AC24: 153956.28
A25: SA48-60-3 | B25: SA48 | C25: no | D25: foreign | E25: 60 | F25: 5.32 | G25: =(1.2*F25)-0.3 -> 6.084 | H25: 1364215.642 * exp(1)^(-0.0172 * x) | I25: 0.888 | J25: =1364215.642 * EXP(1)^(-0.0172 * 0.00001)*1000 -> 1.3642154e+09 | K25: =1364215.642 * EXP(1)^(-0.0172 * 0.0001)*1000 -> 1.3642133e+09 | L25: =J25-K25 -> 2111.8038 | M25: 0.0001 | N25: =L25*(1/M25) -> 21118038 | O25: =N25-$Q$2 -> 21118030 | P25: =N25/G25 -> 3471077.9 | S25: =P25/V25 -> 2.5443756 | V25: 1364216 | W25: =AVERAGE($V$8:$V$37) -> 1309299.9 | X25: =STDEV($V$8:$V$37) -> 425827.05 | Y25: =V25-(N25*E25/1000) -> 97133.71 | Z25: =((V25-Y25)/V25) -> 0.92879888 | AC25: 168240.66
A26: M60M31-30-1 | B26: M60_M31 | C26: no | D26: foreign | E26: 30 | F26: 6.527 | G26: =(1.2*F26)-0.3 -> 7.5324 | H26: 985075.477 * exp(1)^(-0.00588 * x) | I26: 0.312 | J26: =985075.477 * EXP(1)^(-0.00588 * 0.00001)*1000 -> 9.8507542e+08 | K26: =985075.477 * EXP(1)^(-0.00588 * 0.0001)*1000 -> 9.850749e+08 | L26: =J26-K26 -> 521.30177 | M26: 0.0001 | N26: =L26*(1/M26) -> 5213017.7 | O26: =N26-$Q$2 -> 5213009.8 | P26: =N26/G26 -> 692079.25 | Q26: =AVERAGE(P26:P31) -> 1477472.6 | R26: =STDEV(P26:P31) -> 696024.84 | S26: =P26/V26 -> 0.70256503 | T26: =AVERAGE(S26:S31) -> 1.3471203 | U26: =STDEV(S26:S31) -> 0.5857328 | V26: 985075 | W26: =AVERAGE($V$8:$V$37) -> 1309299.9 | X26: =STDEV($V$8:$V$37) -> 425827.05 | Y26: =V26-(N26*E26/1000) -> 828684.47 | Z26: =((V26-Y26)/V26) -> 0.15876003 | AA26: =AVERAGE(Z26:Z28) -> 0.16154998 | AB26: =STDEV(Z26:Z28) -> 0.0072966039 | AC26: 17423.154
A27: M60M31-30-2 | B27: M60_M31 | C27: no | D27: foreign | E27: 30 | F27: 6.36 | G27: =(1.2*F27)-0.3 -> 7.332 | H27: 993636.798 * exp(1)^(-0.00629 * x) | I27: 0.408 | J27: =993636.798 * EXP(1)^(-0.00629 * 0.00001)*1000 -> 9.9363674e+08 | K27: =993636.798 * EXP(1)^(-0.00629 * 0.0001)*1000 -> 9.9363617e+08 | L27: =J27-K27 -> 562.4976 | M27: 0.0001 | N27: =L27*(1/M27) -> 5624976 | O27: =N27-$Q$2 -> 5624968 | P27: =N27/G27 -> 767181.67 | S27: =P27/V27 -> 0.7720945 | V27: 993637 | W27: =AVERAGE($V$8:$V$37) -> 1309299.9 | X27: =STDEV($V$8:$V$37) -> 425827.05 | Y27: =V27-(N27*E27/1000) -> 824887.72 | Z27: =((V27-Y27)/V27) -> 0.16982991 | AC27: 16873.253
A28: M60M31-30-3 | B28: M60_M31 | C28: no | D28: foreign | E28: 30 | F28: 3.12 | G28: =(1.2*F28)-0.3 -> 3.444 | H28: 1076705.379 * exp(1)^(-0.00578 * x) | I28: 0.345 | J28: =1076705.379 * EXP(1)^(-0.00578 * 0.00001)*1000 -> 1.0767053e+09 | K28: =1076705.379 * EXP(1)^(-0.00578 * 0.0001)*1000 -> 1.0767048e+09 | L28: =J28-K28 -> 560.10196 | M28: 0.0001 | N28: =L28*(1/M28) -> 5601019.6 | O28: =N28-$Q$2 -> 5601011.6 | P28: =N28/G28 -> 1626312.3 | S28: =P28/V28 -> 1.510453 | V28: 1076705 | W28: =AVERAGE($V$8:$V$37) -> 1309299.9 | X28: =STDEV($V$8:$V$37) -> 425827.05 | Y28: =V28-(N28*E28/1000) -> 908674.41 | Z28: =((V28-Y28)/V28) -> 0.15606001 | AC28: 17713.573
A29: M60M31-60-1 | B29: M60_M31 | C29: no | D29: foreign | E29: 60 | F29: 4.424 | G29: =(1.2*F29)-0.3 -> 5.0088 | H29: 1147028.281 * exp(1)^(-0.01022 * x) | I29: 0.915 | J29: =1147028.281 * EXP(1)^(-0.01022 * 0.00001)*1000 -> 1.1470282e+09 | K29: =1147028.281 * EXP(1)^(-0.01022 * 0.0001)*1000 -> 1.1470271e+09 | L29: =J29-K29 -> 1055.036 | M29: 0.0001 | N29: =L29*(1/M29) -> 10550360 | O29: =N29-$Q$2 -> 10550352 | P29: =N29/G29 -> 2106364.8 | S29: =P29/V29 -> 1.8363674 | V29: 1147028 | W29: =AVERAGE($V$8:$V$37) -> 1309299.9 | X29: =STDEV($V$8:$V$37) -> 425827.05 | Y29: =V29-(N29*E29/1000) -> 514006.39 | Z29: =((V29-Y29)/V29) -> 0.55187982 | AA29: =AVERAGE(Z29:Z31) -> 0.68885947 | AB29: =STDEV(Z29:Z31) -> 0.19154555 | AC29: 19322.722
A30: M60M31-60-2 | B30: M60_M31 | C30: no | D30: foreign | E30: 60 | F30: 6.11 | G30: =(1.2*F30)-0.3 -> 7.032 | H30: 1113526.066 * exp(1)^(-0.01681 * x) | I30: 0.954 | J30: =1113526.066 * EXP(1)^(-0.01681 * 0.00001)*1000 -> 1.1135259e+09 | K30: =1113526.066 * EXP(1)^(-0.01681 * 0.0001)*1000 -> 1.1135242e+09 | L30: =J30-K30 -> 1684.652 | M30: 0.0001 | N30: =L30*(1/M30) -> 16846520 | O30: =N30-$Q$2 -> 16846512 | P30: =N30/G30 -> 2395694 | S30: =P30/V30 -> 2.1514487 | V30: 1113526 | W30: =AVERAGE($V$8:$V$37) -> 1309299.9 | X30: =STDEV($V$8:$V$37) -> 425827.05 | Y30: =V30-(N30*E30/1000) -> 102734.78 | Z30: =((V30-Y30)/V30) -> 0.90773921 | AC30: 24104.181
A31: M60M31-60-3 | B31: M60_M31 | C31: no | D31: foreign | E31: 60 | F31: 7.846 | G31: =(1.2*F31)-0.3 -> 9.1152 | H31: 1150847.52 * exp(1)^(-0.01124 * x) | I31: 0.911 | J31: =1150847.52 * EXP(1)^(-0.01124 * 0.00001)*1000 -> 1.1508474e+09 | K31: =1150847.52 * EXP(1)^(-0.01124 * 0.0001)*1000 -> 1.1508462e+09 | L31: =J31-K31 -> 1164.1966 | M31: 0.0001 | N31: =L31*(1/M31) -> 11641966 | O31: =N31-$Q$2 -> 11641958 | P31: =N31/G31 -> 1277203.6 | S31: =P31/V31 -> 1.1097935 | V31: 1150848 | W31: =AVERAGE($V$8:$V$37) -> 1309299.9 | X31: =STDEV($V$8:$V$37) -> 425827.05 | Y31: =V31-(N31*E31/1000) -> 452330.02 | Z31: =((V31-Y31)/V31) -> 0.60695937 | AC31: 24399.927
A32: M60M70-30-1 | B32: M60_M70 | C32: yes | D32: foreign | E32: 30 | F32: 4.04 | G32: =(1.2*F32)-0.3 -> 4.548 | H32: 1099311.519 * exp(1)^(-0.01166 * x) | I32: 0.841 | J32: =1099311.519 * EXP(1)^(-0.01166 * 0.00001)*1000 -> 1.0993114e+09 | K32: =1099311.519 * EXP(1)^(-0.01166 * 0.0001)*1000 -> 1.0993102e+09 | L32: =J32-K32 -> 1153.6168 | M32: 0.0001 | N32: =L32*(1/M32) -> 11536168 | O32: =N32-$Q$2 -> 11536160 | P32: =N32/G32 -> 2536536.4 | Q32: =AVERAGE(P32:P37) -> 2482214.5 | R32: =STDEV(P32:P37) -> 558062.35 | S32: =P32/V32 -> 2.3073854 | T32: =AVERAGE(S32:S37) -> 2.4737751 | U32: =STDEV(S32:S37) -> 0.41357716 | V32: 1099312 | W32: =AVERAGE($V$8:$V$37) -> 1309299.9 | X32: =STDEV($V$8:$V$37) -> 425827.05 | Y32: =V32-(N32*E32/1000) -> 753226.97 | Z32: =((V32-Y32)/V32) -> 0.31481966 | AA32: =AVERAGE(Z32:Z34) -> 0.41381964 | AB32: =STDEV(Z32:Z34) -> 0.19048531 | AC32: 281728.54
A33: M60M70-30-2 | B33: M60_M70 | C33: yes | D33: foreign | E33: 30 | F33: 6.295 | G33: =(1.2*F33)-0.3 -> 7.254 | H33: 1054748.236 * exp(1)^(-0.02346 * x) | I33: 0.993 | J33: =1054748.236 * EXP(1)^(-0.02346 * 0.00001)*1000 -> 1.054748e+09 | K33: =1054748.236 * EXP(1)^(-0.02346 * 0.0001)*1000 -> 1.0547458e+09 | L33: =J33-K33 -> 2226.9926 | M33: 0.0001 | N33: =L33*(1/M33) -> 22269926 | O33: =N33-$Q$2 -> 22269918 | P33: =N33/G33 -> 3070020.1 | S33: =P33/V33 -> 2.9106669 | V33: 1054748 | W33: =AVERAGE($V$8:$V$37) -> 1309299.9 | X33: =STDEV($V$8:$V$37) -> 425827.05 | Y33: =V33-(N33*E33/1000) -> 386650.23 | Z33: =((V33-Y33)/V33) -> 0.63341932 | AC33: 296543.91
A34: M60M70-30-3 | B34: M60_M70 | C34: yes | D34: foreign | E34: 30 | F34: 4.145 | G34: =(1.2*F34)-0.3 -> 4.674 | H34: 1044290.439 * exp(1)^(-0.01086 * x) | I34: 0.975 | J34: =1044290.439 * EXP(1)^(-0.01086 * 0.00001)*1000 -> 1.0442903e+09 | K34: =1044290.439 * EXP(1)^(-0.01086 * 0.0001)*1000 -> 1.0442893e+09 | L34: =J34-K34 -> 1020.6889 | M34: 0.0001 | N34: =L34*(1/M34) -> 10206889 | O34: =N34-$Q$2 -> 10206881 | P34: =N34/G34 -> 2183758.8 | S34: =P34/V34 -> 2.0911421 | V34: 1044290 | W34: =AVERAGE($V$8:$V$37) -> 1309299.9 | X34: =STDEV($V$8:$V$37) -> 425827.05 | Y34: =V34-(N34*E34/1000) -> 738083.34 | Z34: =((V34-Y34)/V34) -> 0.29321995 | AC34: 413356.29
A35: M60M70-60-1 | B35: M60_M70 | C35: yes | D35: foreign | E35: 60 | F35: 4.693 | G35: =(1.2*F35)-0.3 -> 5.3316 | H35: 1085642.052 * exp(1)^(-0.01745 * x) | I35: 0.851 | J35: =1085642.052 * EXP(1)^(-0.01745 * 0.00001)*1000 -> 1.0856419e+09 | K35: =1085642.052 * EXP(1)^(-0.01745 * 0.0001)*1000 -> 1.0856402e+09 | L35: =J35-K35 -> 1704.9992 | M35: 0.0001 | N35: =L35*(1/M35) -> 17049992 | O35: =N35-$Q$2 -> 17049984 | P35: =N35/G35 -> 3197912.8 | S35: =P35/V35 -> 2.9456421 | V35: 1085642 | W35: =AVERAGE($V$8:$V$37) -> 1309299.9 | X35: =STDEV($V$8:$V$37) -> 425827.05 | Y35: =V35-(N35*E35/1000) -> 62642.476 | Z35: =((V35-Y35)/V35) -> 0.94229914 | AA35: =AVERAGE(Z35:Z37) -> 0.76859924 | AB35: =STDEV(Z35:Z37) -> 0.17636784 | AC35: 464982.89
A36: M60M70-60-2 | B36: M60_M70 | C36: yes | D36: foreign | E36: 60 | F36: 4.364 | G36: =(1.2*F36)-0.3 -> 4.9368 | H36: 805624.826 * exp(1)^(-0.01433 * x) | I36: 0.868 | J36: =805624.826 * EXP(1)^(-0.01433 * 0.00001)*1000 -> 8.0562471e+08 | K36: =805624.826 * EXP(1)^(-0.01433 * 0.0001)*1000 -> 8.0562367e+08 | L36: =J36-K36 -> 1039.0135 | M36: 0.0001 | N36: =L36*(1/M36) -> 10390135 | O36: =N36-$Q$2 -> 10390127 | P36: =N36/G36 -> 2104629.6 | S36: =P36/V36 -> 2.6124184 | V36: 805625 | W36: =AVERAGE($V$8:$V$37) -> 1309299.9 | X36: =STDEV($V$8:$V$37) -> 425827.05 | Y36: =V36-(N36*E36/1000) -> 182216.89 | Z36: =((V36-Y36)/V36) -> 0.77381922 | AC36: 356611.85
A37: M60M70-60-3 | B37: M60_M70 | C37: yes | D37: foreign | E37: 60 | F37: 4.396 | G37: =(1.2*F37)-0.3 -> 4.9752 | H37: 911426.545 * exp(1)^(-0.01092 * x) | I37: 0.866 | J37: =911426.545 * EXP(1)^(-0.01092 * 0.00001)*1000 -> 9.1142645e+08 | K37: =911426.545 * EXP(1)^(-0.01092 * 0.0001)*1000 -> 9.1142555e+08 | L37: =J37-K37 -> 895.74947 | M37: 0.0001 | N37: =L37*(1/M37) -> 8957494.7 | O37: =N37-$Q$2 -> 8957486.7 | P37: =N37/G37 -> 1800429.1 | S37: =P37/V37 -> 1.9753958 | V37: 911427 | W37: =AVERAGE($V$8:$V$37) -> 1309299.9 | X37: =STDEV($V$8:$V$37) -> 425827.05 | Y37: =V37-(N37*E37/1000) -> 373977.32 | Z37: =((V37-Y37)/V37) -> 0.58967935 | AC37: 359764.65
G38: =AVERAGE(G2:G37) -> 5.8133
G39: =STDEV(G2:G37) -> 1.6926936

Sheet FL_microscopy
A1: sample_id | B1: vibrio_strain | C1: ankyrin_present | D1: self_vs_foreign | E1: background | F1: time_min | G1: cell_type | H1: vibrio_no
A2: Hal054-30-1-1 | B2: Hal054 | C2: yes | D2: self | E2: 290977.05 | F2: 30 | G2: F+ | H2: 1
A3: Hal054-30-1-2 | B3: Hal054 | C3: yes | D3: self | E3: 290977.05 | F3: 30 | G3: F+ | H3: 2
A4: Hal054-30-1-3 | B4: Hal054 | C4: yes | D4: self | E4: 290977.05 | F4: 30 | G4: M | H4: 2
A5: Hal054-30-1-4 | B5: Hal054 | C5: yes | D5: self | E5: 290977.05 | F5: 30 | G5: M | H5: 2
A6: Hal054-30-1-5 | B6: Hal054 | C6: yes | D6: self | E6: 290977.05 | F6: 30 | G6: M | H6: 1
A7: Hal054-30-1-6 | B7: Hal054 | C7: yes | D7: self | E7: 290977.05 | F7: 30 | G7: M | H7: 1
A8: Hal054-30-1-7 | B8: Hal054 | C8: yes | D8: self | E8: 290977.05 | F8: 30 | G8: F+ | H8: 1
A9: Hal054-30-1-8 | B9: Hal054 | C9: yes | D9: self | E9: 290977.05 | F9: 30 | G9: F+ | H9: 1
A10: Hal054-30-1-9 | B10: Hal054 | C10: yes | D10: self | E10: 290977.05 | F10: 30 | G10: M | H10: 1
A11: Hal054-30-1-10 | B11: Hal054 | C11: yes | D11: self | E11: 290977.05 | F11: 30 | G11: M | H11: 1
A12: Hal054-30-1-11 | B12: Hal054 | C12: yes | D12: self | E12: 290977.05 | F12: 30 | G12: S | H12: 2
A13: Hal054-30-1-12 | B13: Hal054 | C13: yes | D13: self | E13: 290977.05 | F13: 30 | G13: F+ | H13: 1
... A560: M31-30-1-19 | B560: M60_M31 | C560: no | D560: foreign | E560: 17423.154 | F560: 30 | G560: M | H560: 1
A561: M31-30-1-20 | B561: M60_M31 | C561: no | D561: foreign | E561: 17423.154 | F561: 30
A562: M31-30-1-21 | B562: M60_M31 | C562: no | D562: foreign | E562: 17423.154 | F562: 30
A563: M31-30-1-22 | B563: M60_M31 | C563: no | D563: foreign | E563: 17423.154 | F563: 30
A564: M31-30-1-23 | B564: M60_M31 | C564: no | D564: foreign | E564: 17423.154 | F564: 30
A565: M31-30-1-24 | B565: M60_M31 | C565: no | D565: foreign | E565: 17423.154 | F565: 30
A566: M31-30-1-25 | B566: M60_M31 | C566: no | D566: foreign | E566: 17423.154 | F566: 30
A567: M31-30-1-26 | B567: M60_M31 | C567: no | D567: foreign | E567: 17423.154 | F567: 30
A568: M31-30-1-27 | B568: M60_M31 | C568: no | D568: foreign | E568: 17423.154 | F568: 30
A569: M31-30-1-28 | B569: M60_M31 | C569: no | D569: foreign | E569: 17423.154 | F569: 30
A570: M31-30-1-29 | B570: M60_M31 | C570: no | D570: foreign | E570: 17423.154 | F570: 30
A571: M31-30-1-30 | B571: M60_M31 | C571: no | D571: foreign | E571: 17423.154 | F571: 30
A572: M31-30-2-1 | B572: M60_M31 | C572: no | D572: foreign | E572: 16873.253 | F572: 30 | G572: S | H572: 1
A573: M31-30-2-2 | B573: M60_M31 | C573: no | D573: foreign | E573: 16873.253 | F573: 30 | G573: M | H573: 1
A574: M31-30-2-3 | B574: M60_M31 | C574: no | D574: foreign | E574: 16873.253 | F574: 30 | G574: S | H574: 1
A575: M31-30-2-4 | B575: M60_M31 | C575: no | D575: foreign | E575: 16873.253 | F575: 30 | G575: S | H575: 1
A576: M31-30-2-5 | B576: M60_M31 | C576: no | D576: foreign | E576: 16873.253 | F576: 30 | G576: M | H576: 1
A577: M31-30-2-6 | B577: M60_M31 | C577: no | D577: foreign | E577: 16873.253 | F577: 30 | G577: S | H577: 1
A578: M31-30-2-7 | B578: M60_M31 | C578: no | D578: foreign | E578: 16873.253 | F578: 30 | G578: M | H578: 1
A579: M31-30-2-8 | B579: M60_M31 | C579: no | D579: foreign | E579: 16873.253 | F579: 30 | G579: S | H579: 1
A580: M31-30-2-9 | B580: M60_M31 | C580: no | D580: foreign | E580: 16873.253 | F580: 30 | G580: S | H580: 1
A581: M31-30-2-10 | B581: M60_M31 | C581: no | D581: foreign | E581: 16873.253 | F581: 30 | G581: S | H581: 1
A582: M31-30-2-11 | B582: M60_M31 | C582: no | D582: foreign | E582: 16873.253 | F582: 30 | G582: M | H582: 1
A583: M31-30-2-12 | B583: M60_M31 | C583: no | D583: foreign | E583: 16873.253 | F583: 30 | G583: S | H583: 1
... A589: M31-30-2-18 | B589: M60_M31 | C589: no | D589: foreign | E589: 16873.253 | F589: 30 | G589: S | H589: 1
A590: M31-30-2-19 | B590: M60_M31 | C590: no | D590: foreign | E590: 16873.253 | F590: 30
A591: M31-30-2-20 | B591: M60_M31 | C591: no | D591: foreign | E591: 16873.253 | F591: 30
A592: M31-30-2-21 | B592: M60_M31 | C592: no | D592: foreign | E592: 16873.253 | F592: 30
A593: M31-30-2-22 | B593: M60_M31 | C593: no | D593: foreign | E593: 16873.253 | F593: 30
A594: M31-30-2-23 | B594: M60_M31 | C594: no | D594: foreign | E594: 16873.253 | F594: 30
A595: M31-30-2-24 | B595: M60_M31 | C595: no | D595: foreign | E595: 16873.253 | F595: 30
A596: M31-30-2-25 | B596: M60_M31 | C596: no | D596: foreign | E596: 16873.253 | F596: 30
A597: M31-30-2-26 | B597: M60_M31 | C597: no | D597: foreign | E597: 16873.253 | F597: 30
A598: M31-30-2-27 | B598: M60_M31 | C598: no | D598: foreign | E598: 16873.253 | F598: 30
A599: M31-30-2-28 | B599: M60_M31 | C599: no | D599: foreign | E599: 16873.253 | F599: 30
A600: M31-30-2-29 | B600: M60_M31 | C600: no | D600: foreign | E600: 16873.253 | F600: 30
A601: M31-30-2-30 | B601: M60_M31 | C601: no | D601: foreign | E601: 16873.253 | F601: 30
... A721: M31-60-3-30 | B721: M60_M31 | C721: no | D721: foreign | E721: 24399.927 | F721: 60
A722: M70-30-1-1 | B722: M60_M70 | C722: yes | D722: foreign | E722: 281728.54 | F722: 30 | G722: F+ | H722: 1
A723: M70-30-1-2 | B723: M60_M70 | C723: yes | D723: foreign | E723: 281728.54 | F723: 30 | G723: F+ | H723: 1
A724: M70-30-1-3 | B724: M60_M70 | C724: yes | D724: foreign | E724: 281728.54 | F724: 30 | G724: M | H724: 1
A725: M70-30-1-4 | B725: M60_M70 | C725: yes | D725: foreign | E725: 281728.54 | F725: 30 | G725: F+ | H725: 1
A726: M70-30-1-5 | B726: M60_M70 | C726: yes | D726: foreign | E726: 281728.54 | F726: 30 | G726: M | H726: 1
A727: M70-30-1-6 | B727: M60_M70 | C727: yes | D727: foreign | E727: 281728.54 | F727: 30 | G727: S | H727: 1
A728: M70-30-1-7 | B728: M60_M70 | C728: yes | D728: foreign | E728: 281728.54 | F728: 30 | G728: M | H728: 1
A729: M70-30-1-8 | B729: M60_M70 | C729: yes | D729: foreign | E729: 281728.54 | F729: 30 | G729: S | H729: 1
A730: M70-30-1-9 | B730: M60_M70 | C730: yes | D730: foreign | E730: 281728.54 | F730: 30 | G730: M | H730: 3
A731: M70-30-1-10 | B731: M60_M70 | C731: yes | D731: foreign | E731: 281728.54 | F731: 30 | G731: M | H731: 1
A732: M70-30-1-11 | B732: M60_M70 | C732: yes | D732: foreign | E732: 281728.54 | F732: 30 | G732: S | H732: 3
A733: M70-30-1-12 | B733: M60_M70 | C733: yes | D733: foreign | E733: 281728.54 | F733: 30 | G733: S | H733: 2
... A811: M70-30-3-30 | B811: M60_M70 | C811: yes | D811: foreign | E811: 413356.29 | F811: 30 | G811: M | H811: 1
A812: M70-60-1-1 | B812: M60_M70 | C812: yes | D812: foreign | E812: 464982.89 | F812: 60
A813: M70-60-1-2 | B813: M60_M70 | C813: yes | D813: foreign | E813: 464982.89 | F813: 60
A814: M70-60-1-3 | B814: M60_M70 | C814: yes | D814: foreign | E814: 464982.89 | F814: 60
A815: M70-60-1-4 | B815: M60_M70 | C815: yes | D815: foreign | E815: 464982.89 | F815: 60
A816: M70-60-1-5 | B816: M60_M70 | C816: yes | D816: foreign | E816: 464982.89 | F816: 60
A817: M70-60-1-6 | B817: M60_M70 | C817: yes | D817: foreign | E817: 464982.89 | F817: 60
A818: M70-60-1-7 | B818: M60_M70 | C818: yes | D818: foreign | E818: 464982.89 | F818: 60
A819: M70-60-1-8 | B819: M60_M70 | C819: yes | D819: foreign | E819: 464982.89 | F819: 60
A820: M70-60-1-9 | B820: M60_M70 | C820: yes | D820: foreign | E820: 464982.89 | F820: 60
A821: M70-60-1-10 | B821: M60_M70 | C821: yes | D821: foreign | E821: 464982.89 | F821: 60
A822: M70-60-1-11 | B822: M60_M70 | C822: yes | D822: foreign | E822: 464982.89 | F822: 60
A823: M70-60-1-12 | B823: M60_M70 | C823: yes | D823: foreign | E823: 464982.89 | F823: 60
... A901: M70-60-3-30 | B901: M60_M70 | C901: yes | D901: foreign | E901: 359764.65 | F901: 60
